schlcode,c_size,grade,classid,classize,avgmath,avgverb,pct_disadvantaged
11005,54,5,1,28,74.110001,70.57,24
11005,54,5,2,26,71.110001,75,24
11006,37,5,1,22,64,75.470001,38
11006,37,5,2,15,50,60.647499,38
11009,32,5,1,32,68.379997,73.970001,6
11010,68,5,1,34,59.860001,69.550003,3
11010,68,5,2,34,61.900002,68.129997,3
11013,86,5,1,30,61.099998,65.57,8
11013,86,5,2,26,59.419998,69.919998,8
11013,86,5,3,31,66.370003,73.139999,8
11015,95,5,1,32,76.57,79.660004,6
11015,95,5,2,32,71.290001,75.940002,6
11015,95,5,3,31,81.040001,84.889999,6
11017,77,5,2,39,65.779999,70.370003,9
11017,77,5,1,38,68.504669,71.711288,9
11020,97,5,1,31,71.300003,78.309998,5
11020,97,5,2,33,77.260002,78.099998,5
11020,97,5,3,33,73.300003,77.209999,5
11021,58,5,1,30,57.860001,72.639999,11
11021,58,5,2,28,56.540001,67.709999,11
11027,97,5,2,34,71.089996,81.029999,5
11027,97,5,3,29,65.209999,73.379997,5
11027,97,5,1,34,64.483032,73.258713,5
11029,70,5,1,34,56.23,65.190002,11
11029,70,5,2,36,57.702061,74.38559,11
11031,42,5,1,23,67.089996,74.57,12
11031,42,5,2,19,64.410004,69.059998,12
11032,95,5,1,32,49.52,61.07,13
11032,95,5,2,31,59.5,68.970001,13
11032,95,5,3,29,60.290001,62.619999,13
11034,56,5,2,28,64.75,70.589996,11
11034,56,5,1,28,67.296295,71.410004,11
11044,11,5,1,11,55.580002,69.25,50
11045,76,5,1,38,68.580002,74.849998,9
11045,76,5,2,38,67.46833,75.14167,9
11048,74,5,1,38,67.760002,82.029999,11
11048,74,5,2,36,75.349998,75.650002,11
11054,35,5,1,35,63,68,17
11058,82,5,1,25,62.57,72.669998,13
11058,82,5,2,29,62.580002,72.32,13
11058,82,5,3,26,53.779999,76.32,13
11061,46,5,1,16,44.27,61.639999,15
11061,46,5,2,30,57.080002,73.75,15
11064,40,5,1,40,48.73,52.77,25
11065,20,5,1,20,67.5,73.669998,42
11067,62,5,1,22,47.709999,61,31
11067,62,5,2,29,51.540001,66.419998,31
11072,41,5,1,21,68.889999,71.839996,25
11072,41,5,2,20,61.304501,72.152,25
11073,60,5,1,30,72.360001,84.93,7
11073,60,5,2,30,65.480003,72.800003,7
11106,58,5,2,29,77.599998,80.099998,3
11106,58,5,1,29,78.470589,86.411766,3
11108,12,5,1,12,48.75,57.09,54
11109,119,5,1,24,64.129997,72.089996,5
11109,119,5,2,26,70.519997,82.519997,5
11109,119,5,3,32,67.089996,81.25,5
11109,119,5,4,26,63.310001,70.919998,5
11111,106,5,1,33,63.860001,74.790001,5
11111,106,5,2,30,56.220001,72.730003,5
11111,106,5,3,31,62.330002,76.900002,5
11115,57,5,1,30,58.439999,76.529999,11
11115,57,5,2,27,61.996799,73.087502,11
11117,66,5,1,28,62.59,67.459999,31
11117,66,5,2,27,57.630001,62.66,31
11119,83,5,1,29,48.07,75.68,21
11119,83,5,2,24,55.810001,69.43,21
11119,83,5,3,30,62.790001,81.959999,21
11120,106,5,2,35,54.389999,71.760002,2
11120,106,5,3,35,55.450001,69.160004,2
11120,106,5,1,36,58.299355,75.317238,2
11126,47,5,1,22,53.91,66.480003,16
11126,47,5,2,25,54.959999,66.43,16
11127,29,5,1,29,62.779999,78.029999,6
11128,79,5,1,22,81.43,79.089996,12
11128,79,5,2,31,74.389999,78.110001,12
11128,79,5,3,26,75.459999,80.080002,12
11132,106,5,1,35,61.150002,75.790001,9
11132,106,5,2,32,66.550003,76.099998,9
11132,106,5,3,31,56.209999,74.449997,9
11133,29,5,1,29,72,80,7
11134,60,5,1,28,69.739998,84.650002,2
11134,60,5,2,32,69.800003,82.93,2
11135,65,5,2,33,79.860001,80.5,4
11135,65,5,1,32,72.139999,79.482758,4
11144,80,5,1,27,56.119999,66.080002,10
11144,80,5,2,26,60.360001,69.959999,10
11144,80,5,3,27,61.959999,62.259998,10
11150,101,5,1,34,72.610001,73.970001,2
11150,101,5,2,33,66.099998,70.709999,2
11150,101,5,3,34,68.529999,71.309998,2
11151,42,5,2,22,48.950001,69.279999,42
11151,42,5,1,20,49.052776,52.720001,42
11152,68,5,1,34,73.059998,74.099998,5
11152,68,5,2,34,75.5,79.529999,5
11159,50,5,1,26,74.559998,80.779999,17
11159,50,5,2,24,58.830002,70.209999,17
11161,40,5,1,18,61.830002,77.290001,19
11161,40,5,2,22,62.145714,73.146187,19
11165,21,5,1,21,78.169998,77.669998,1
11168,24,5,1,24,58.48,73.260002,5
11170,67,5,1,43,74.25,85.190002,2
11170,67,5,2,24,77.519997,86.089996,2
11171,74,5,1,33,70.660004,77.480003,8
11171,74,5,2,41,63.490002,69.849998,8
11172,13,5,1,13,81.269997,86,7
11181,64,5,1,32,68.32,71.959999,8
11181,64,5,2,32,59.639999,72.790001,8
11182,46,5,1,23,69.349998,79.389999,9
11182,46,5,2,23,74.902382,82.763336,9
11183,79,5,1,39,64.059998,78.25,1
11183,79,5,2,40,68.209999,76.370003,1
11184,81,5,1,41,74.709999,78.889999,5
11184,81,5,2,40,77.889999,82.889999,5
11187,115,5,1,37,67.830002,74.889999,4
11187,115,5,2,39,73.690002,79.199997,4
11187,115,5,3,40,84.080002,81.269997,4
11188,60,5,2,25,47.330002,70.669998,12
11188,60,5,1,30,39.416553,56.652412,12
11189,32,5,1,32,81.220001,77.099998,11
11190,81,5,2,27,63.150002,69.959999,5
11190,81,5,3,27,67.879997,77.129997,5
11190,81,5,1,27,72.785927,72.1968,5
11196,28,5,1,28,73.220001,81.260002,0
11201,99,5,1,35,67.379997,78.239998,3
11201,99,5,2,30,72.290001,80.959999,3
11201,99,5,3,34,70.970001,77.720001,3
11203,23,5,1,23,66.760002,82.239998,0
11205,20,5,1,20,70,78,3
11207,75,5,1,25,61.610001,64.480003,10
11207,75,5,2,27,66.959999,68.190002,10
11207,75,5,3,23,70.080002,75.040001,10
11209,33,5,1,33,59.41,76.160004,0
11212,32,5,1,32,78.029999,82.589996,2
11213,101,5,2,36,75.139999,76.830002,7
11213,101,5,3,32,69.419998,75.290001,7
11213,101,5,1,33,70.998184,81.822121,7
11217,102,5,1,31,55.09,67.559998,5
11217,102,5,2,35,65.370003,71.169998,5
11217,102,5,3,36,64.309998,70.669998,5
11218,107,5,2,32,73.93,77.529999,6
11218,107,5,3,31,67.769997,66.57,6
11218,107,5,1,32,65.53125,71.900002,6
11219,22,5,1,22,80.25,79,3
11220,138,5,1,36,65.25,75.809998,4
11220,138,5,2,34,75.870003,79.230003,4
11220,138,5,3,34,72.68,84.57,4
11220,138,5,4,34,79.910004,83.059998,4
11221,94,5,1,38,71.370003,79.660004,11
11221,94,5,2,46,78.480003,78.300003,11
11222,75,5,1,26,67.709999,79.419998,3
11222,75,5,2,25,67.480003,75.830002,3
11222,75,5,3,24,65.57,70.230003,3
11225,70,5,1,25,74.269997,77.230003,2
11225,70,5,2,45,63.280464,81.417206,2
11227,114,5,1,33,66.709999,81.389999,0
11227,114,5,2,34,68.82,78.389999,0
11227,114,5,3,35,65.540855,77.458282,0
11228,39,5,1,39,68.029999,73.110001,19
11233,53,5,1,28,64.080002,76.400002,11
11233,53,5,2,25,60.900002,73.099998,11
11234,214,5,1,34,65.540001,74.110001,10
11234,214,5,3,34,72.790001,75,10
11234,214,5,4,34,65.470001,78.059998,10
11234,214,5,5,34,73.029999,76.900002,10
11235,39,5,1,39,63.130001,79.389999,8
11238,32,5,1,32,68.089996,75.699997,1
11239,71,5,1,36,61.630001,72.610001,3
11239,71,5,2,35,68.709999,79.650002,3
11247,64,5,1,29,55.959999,63.07,5
11247,64,5,2,35,57,68.540001,5
11248,154,5,1,38,72.459999,70.949997,5
11248,154,5,3,39,68.669998,74.760002,5
11248,154,5,4,38,60.23,71.139999,5
11248,154,5,2,39,66.259117,79.43618,5
11249,20,5,1,20,67.330002,82.720001,15
11250,125,5,1,38,68,75.290001,8
11250,125,5,2,36,67.879997,73.669998,8
11250,125,5,3,36,65.760002,72.379997,8
11251,10,5,1,10,75.220001,84.440002,8
11256,30,5,1,30,71.889999,77.559998,3
11257,21,5,1,21,62.240002,67.480003,5
11258,59,5,1,23,71.849998,77.800003,3
11258,59,5,2,25,72.150002,72.199997,3
11259,58,5,1,19,67.330002,78.040001,0
11259,58,5,2,21,61.790001,82.540001,0
11281,29,5,1,29,76.459999,85.379997,3
11295,22,5,1,15,56.41,72.209999,5
11307,30,5,1,30,75.269997,74.589996,5
11317,28,5,1,28,66.309998,73.879997,0
21005,22,5,1,22,69.389999,81,0
21006,63,5,1,31,65,81.720001,2
21006,63,5,2,32,62.169998,78.919998,2
21010,18,5,1,18,62.5,71.290001,43
21012,33,5,1,33,67,84,1
21013,24,5,1,24,87.199997,88.199997,0
21021,21,5,1,21,66.379997,76.25,0
21026,95,5,1,26,74.419998,75.120003,27
21026,95,5,2,25,69.540001,71.830002,27
21026,95,5,3,26,57.259998,68.589996,27
21026,95,5,4,9,66.5,74.669998,27
21028,42,5,1,27,62.41,65.599998,40
21029,42,5,1,22,60.869999,65.910004,44
21029,42,5,2,20,59.310001,71,44
21030,42,5,1,33,57.689999,64.720001,65
21031,52,5,2,26,63.849998,73.839996,36
21031,52,5,1,26,72.150002,76.115387,36
21032,51,5,1,24,55.73,70,13
21032,51,5,2,27,59.349998,68.25,13
21041,23,5,1,23,69,85,3
21042,37,5,1,26,51.099998,78.379997,0
21043,45,5,1,23,61.91,77.860001,1
21043,45,5,2,22,58.57,82.360001,1
21048,81,5,1,27,72,70.18,13
21048,81,5,2,26,62.200001,71.040001,13
21048,81,5,3,28,69.639999,75.919998,13
21050,54,5,1,26,67.559998,77.43,3
21050,54,5,2,28,72.040001,85.360001,3
21052,24,5,1,24,65.769997,84.230003,0
21057,51,5,2,25,71.949997,88.870003,2
21057,51,5,1,26,66.403999,83.359596,2
21064,52,5,1,25,56.5,70,1
21064,52,5,2,27,54.740002,69.080002,1
21065,14,5,1,14,71,86,0
21067,45,5,1,21,64.25,62.43,38
21067,45,5,2,24,58.73,61.830002,38
21068,59,5,2,30,56.700001,72.830002,33
21068,59,5,1,29,64.410347,69.548622,33
21069,114,5,1,34,58.689999,67.309998,16
21069,114,5,3,36,69.129997,71.839996,16
21069,114,5,2,33,68.197739,68.122581,16
21070,120,5,1,36,55,57.91,14
21070,120,5,2,35,69.599998,72.199997,14
21070,120,5,3,35,57.96875,64.162666,14
21073,95,5,1,31,76.419998,76.709999,16
21073,95,5,3,30,63.549999,66.07,16
21073,95,5,2,34,67.149391,73.063004,16
21074,42,5,1,21,37.799999,44.450001,52
21074,42,5,2,21,41.720001,46.240002,52
21077,25,5,1,25,46.27,57.59,48
21078,85,5,1,29,57.580002,62.330002,36
21078,85,5,2,29,55.360001,70.75,36
21078,85,5,3,27,59.830002,72.190002,36
21079,31,5,1,31,48,57,60
21080,24,5,1,24,59.459999,69.459999,14
21081,24,5,1,24,51.330002,65,49
21088,35,5,1,35,70.970001,78.07,7
21089,65,5,1,33,68.940002,70.830002,14
21089,65,5,2,32,80.470001,75.529999,14
21090,29,5,1,21,69,78,42
21091,22,5,1,22,60.610001,79.669998,0
21093,41,5,1,20,71.559998,80.529999,0
21093,41,5,2,21,67.599998,84.57,0
21094,80,5,1,41,58.380001,75.050003,3
21094,80,5,2,39,61.66,76.419998,3
21095,22,5,1,22,69.18,77.949997,2
21096,60,5,1,23,68.910004,82.610001,3
21096,60,5,2,24,76.129997,83.040001,3
21097,53,5,1,27,62.290001,80.139999,0
21097,53,5,2,26,59.452,79.846001,0
21102,65,5,1,33,72.970001,84.910004,8
21102,65,5,2,32,77.199997,85.529999,8
21105,18,5,1,18,69.290001,81.589996,0
21111,33,5,1,22,65.900002,65.75,49
21112,94,5,1,30,54.459999,73.080002,7
21112,94,5,2,31,55.610001,68.959999,7
21112,94,5,3,33,48.887409,74.112595,7
21114,20,5,1,20,70.120003,78.589996,1
21116,15,5,1,15,69.870003,84.529999,25
21117,72,5,2,29,74.830002,68.540001,21
21117,72,5,1,30,81.169998,71.514076,21
21118,88,5,1,37,70.790001,78.389999,24
21118,88,5,2,37,65.860001,76.199997,24
21119,30,5,1,20,47,72,63
21123,17,5,1,17,77.709999,77.809998,0
21126,20,5,1,20,76.209999,79.739998,3
21127,46,5,2,21,52.290001,59.880001,43
21127,46,5,1,25,68.403503,74.902,43
21130,23,5,1,23,53.919998,65.830002,22
21132,66,5,1,28,75.040001,85.400002,0
21132,66,5,2,28,72.869568,80.391304,0
21134,23,5,1,23,73.370003,80.629997,10
21137,87,5,1,29,60.619999,74.449997,18
21137,87,5,3,30,60.709999,71.290001,18
21137,87,5,2,28,61.830002,77.113335,18
21138,25,5,1,25,58.18,75.730003,48
21141,16,5,1,16,73.809998,80.879997,0
21144,51,5,1,25,82.300003,83.57,1
21144,51,5,2,26,77.629997,83.879997,1
21145,82,5,2,27,85.269997,86.419998,3
21145,82,5,3,29,78.860001,85,3
21145,82,5,1,26,76.001541,83.580002,3
21146,48,5,1,24,68,66.849998,17
21146,48,5,2,24,63.700001,75,17
21147,124,5,1,39,71.410004,77.160004,3
21147,124,5,2,38,68.559998,78.330002,3
21147,124,5,3,37,73.419998,72.470001,3
21148,42,5,2,22,48.700001,64.150002,38
21148,42,5,1,20,47.263157,63.842106,38
21149,92,5,1,31,54.349998,66.830002,20
21149,92,5,2,30,55.66,62.540001,20
21149,92,5,3,31,62.639999,74.519997,20
21151,120,5,1,40,70.440002,79.529999,4
21151,120,5,2,40,68.919998,76.769997,4
21151,120,5,3,40,72.75,81.610001,4
21153,24,5,1,24,62,74,30
21160,41,5,1,27,62.169998,73.110001,24
21160,41,5,2,27,43.259998,60.669998,24
21162,52,5,1,40,60.130001,64,22
21163,26,5,1,26,53.790001,69.040001,20
21166,23,5,1,23,67.610001,85.650002,2
21168,43,5,1,21,73.330002,84.559998,0
21168,43,5,2,22,72.71714,81.440002,0
21171,23,5,1,23,78.529999,88.209999,0
21173,34,5,1,34,63.970001,79.790001,4
21175,42,5,2,22,64.5,76.779999,0
21175,42,5,1,20,59.857143,79.098,0
21176,12,5,1,12,63.91,68.800003,3
21178,48,5,1,27,57.709999,73.169998,21
21178,48,5,2,21,64.158401,57.170418,21
21179,113,5,1,34,65.870003,72.029999,23
21179,113,5,2,32,58.75,58.110001,23
21179,113,5,3,32,64.43,71.690002,23
21181,83,5,1,37,69.309998,84.32,15
21181,83,5,2,34,64.610001,76.540001,15
21182,54,5,2,25,55.619999,61.630001,5
21182,54,5,1,29,52.761177,66.106667,5
21184,46,5,1,23,71.68,75.860001,33
21184,46,5,2,23,77.209999,76.889999,33
21185,38,5,2,19,57.110001,73.889999,35
21185,38,5,1,19,60.889999,70.110001,35
21190,72,5,1,32,56.580002,57.41,30
21190,72,5,2,32,65.660004,67.650002,30
21191,128,5,1,40,71.860001,75.239998,11
21191,128,5,2,40,72.029999,75.139999,11
21191,128,5,3,39,69.449997,72.800003,11
21192,81,5,1,36,58,64.470001,20
21192,81,5,2,36,51.110001,55.919998,20
21194,86,5,1,29,57.330002,58.700001,28
21194,86,5,2,29,61.060001,66.970001,28
21194,86,5,3,28,81.246002,87.606003,28
21195,48,5,1,21,55.040001,64.830002,71
21195,48,5,2,27,41.959999,58.709999,71
21196,41,5,1,20,44.799999,62.68,76
21196,41,5,2,21,39.052631,55.32,76
21200,24,5,1,24,81.5,82.669998,5
21201,27,5,1,14,60.080002,62.540001,49
21201,27,5,2,13,47.5,54.669998,49
21203,56,5,1,27,69.470001,77.889999,8
21203,56,5,2,29,65.849998,74.739998,8
21204,27,5,1,27,65.110001,74.889999,41
21205,75,5,1,36,68.669998,72.129997,21
21205,75,5,2,39,63.919998,74.970001,21
21206,35,5,1,35,62.790001,72.209999,32
21208,60,5,1,27,60.299999,64.669998,40
21208,60,5,2,33,64.589996,72.25,40
21209,75,5,1,38,62.380001,67.739998,41
21209,75,5,2,37,74.830002,76.75,41
21210,66,5,1,33,69.379997,71.620003,46
21210,66,5,2,33,67.870003,65.830002,46
21211,22,5,1,22,66.43,58.200001,56
21212,56,5,1,28,66.400002,74.599998,44
21212,56,5,2,28,67.93,65.360001,44
21213,22,5,1,22,72.330002,80.900002,0
21214,34,5,1,34,71,80,4
21215,41,5,1,21,70.669998,82.050003,3
21215,41,5,2,20,72,85,3
21221,52,5,1,25,67.330002,73.470001,6
21221,52,5,2,27,75.169998,78.580002,6
21227,109,5,2,32,60.52,81.290001,4
21227,109,5,3,31,49.580002,71.650002,4
21227,109,5,1,31,59.992859,80.33741,4
21229,12,5,1,12,50.169998,77.269997,5
21235,25,5,1,25,44,63,35
21236,44,5,1,24,63,75.760002,35
21236,44,5,2,20,62.939999,64.290001,35
21241,43,5,1,22,65.900002,76.650002,2
21241,43,5,2,21,72.099998,79.349998,2
21258,20,5,1,20,51.099998,69.75,63
21265,58,5,1,32,64.349998,71.900002,34
21265,58,5,2,26,68.919998,76.879997,34
21268,99,5,1,28,63.82,64.949997,38
21268,99,5,2,28,50.59,60.41,38
21273,34,5,1,23,56,65,33
21275,21,5,1,21,59.900002,75.379997,11
21276,23,5,1,23,58.43,72.57,59
21277,59,5,2,29,53.57,67.580002,11
21277,59,5,1,30,46.174999,58.236801,11
21279,50,5,1,26,69.419998,72.620003,34
21279,50,5,2,24,64.160004,67.639999,34
21280,17,5,1,17,69,77,7
21281,48,5,1,27,71.059998,76.5,43
21281,48,5,2,21,74.919998,76.769997,43
21282,65,5,2,27,67.629997,72.080002,31
21282,65,5,1,27,58.535358,71.92308,31
21285,24,5,1,24,56.189999,63.099998,45
21293,50,5,1,25,68.599998,74.559998,27
21293,50,5,2,25,67.444443,75.40741,27
21307,86,5,1,40,67.629997,69.629997,10
21307,86,5,2,40,68.470001,75.43,10
21310,64,5,2,26,72.730003,79.199997,44
21310,64,5,1,26,53.891579,68.526314,44
21312,70,5,1,36,64,76.239998,10
21312,70,5,2,34,53.77,76.610001,10
21313,45,5,1,23,61.720001,85.5,3
21313,45,5,2,22,67.169998,83.669998,3
21315,74,5,1,47,64.709999,77.660004,8
21315,74,5,2,27,65.495415,84.171303,8
21316,33,5,1,11,58,64.440002,24
21316,33,5,2,22,49.900002,64,24
21322,100,5,1,33,67.239998,68.75,24
21322,100,5,2,33,71.309998,69.089996,24
21322,100,5,3,34,73.790001,73.290001,24
21323,48,5,2,25,74.080002,84.709999,4
21323,48,5,1,23,65.103996,85.366318,4
21327,45,5,1,23,75.900002,78.25,1
21327,45,5,2,22,70.449997,81.550003,1
21328,80,5,2,40,59.919998,65.459999,12
21328,80,5,1,40,64.134735,68.585297,12
21330,74,5,1,37,49.369999,73.730003,6
21330,74,5,2,37,50.919998,74.620003,6
21331,57,5,1,31,65.029999,75.300003,19
21331,57,5,2,26,58.380001,64.699997,19
21338,89,5,1,38,64.849998,76.550003,5
21338,89,5,2,40,57.048683,73.449997,5
21340,60,5,1,30,64.860001,75.459999,30
21340,60,5,2,30,50.540001,64.18,30
21341,120,5,1,40,67.370003,75.910004,0
21341,120,5,2,40,64.089996,72.900002,0
21341,120,5,3,40,67.410004,80.330002,0
21350,74,5,2,30,68.830002,67.910004,32
21350,74,5,1,28,60.728077,63.687893,32
21351,43,5,1,21,71.669998,86.290001,0
21351,43,5,2,22,77.220001,89.610001,0
21356,58,5,1,29,69.25,70.849998,28
21356,58,5,2,29,60.459999,67.949997,28
21357,19,5,1,19,69.050003,77.419998,0
21359,43,5,2,21,54.049999,70.739998,10
21359,43,5,1,22,59.547726,71.247002,10
21361,105,5,1,39,53.619999,72.5,2
21361,105,5,2,33,58.099998,64.660004,2
21361,105,5,3,33,53.517933,75.581383,2
21362,62,5,1,31,61.889999,70.440002,13
21362,62,5,2,31,72.419998,74.160004,13
21363,149,5,1,38,71.449997,75.32,9
21363,149,5,2,28,55.790001,71.43,9
21363,149,5,3,35,59.599998,71.709999,9
21363,149,5,4,38,68.239998,72.949997,9
21366,133,5,1,32,74.449997,86.660004,1
21366,133,5,2,34,74.709999,81.029999,1
21366,133,5,3,33,72.089996,76,1
21366,133,5,4,34,74.120003,82.209999,1
21367,131,5,1,32,62.189999,75.959999,3
21367,131,5,2,34,67.82,76.769997,3
21367,131,5,3,33,59.59,78.769997,3
21367,131,5,4,32,67.094345,81.301903,3
21370,68,5,1,34,66.940002,73.220001,9
21370,68,5,2,34,74.559998,72.839996,9
21371,79,5,1,39,66.059998,77.089996,3
21371,79,5,2,40,79.300003,86.18,3
21373,50,5,1,25,81.599998,84.199997,1
21373,50,5,2,25,78.82,85.18,1
21374,47,5,1,24,83.290001,84.43,0
21374,47,5,2,23,84.68,83.910004,0
21375,78,5,1,39,54.509998,63.209999,11
21375,78,5,2,39,54.080002,62.939999,11
21379,70,5,1,35,68.830002,77.739998,12
21379,70,5,2,35,69.760002,69.790001,12
31001,72,5,1,30,63.040001,60.389999,31
31001,72,5,2,28,63.07,62.240002,31
31002,60,5,1,23,73.260002,79.650002,41
31002,60,5,2,29,67.330002,64.949997,41
31007,62,5,1,22,79.949997,83.150002,7
31007,62,5,2,22,69.910004,78.860001,7
31008,18,5,1,18,61.849998,62.689999,42
31012,19,5,1,19,55,74,4
31017,95,5,1,33,65.970001,71,12
31017,95,5,2,30,65.690002,76.959999,12
31017,95,5,3,32,65.629997,73.529999,12
31019,20,5,1,20,69.199997,70.449997,32
31021,74,5,1,31,45.200001,63.119999,32
31021,74,5,2,31,54.130001,69.419998,32
31022,134,5,1,40,60.970001,73.580002,7
31022,134,5,2,41,65.050003,79.440002,7
31022,134,5,3,40,60.529999,78.150002,7
31023,145,5,1,36,69.599998,78.260002,5
31023,145,5,2,37,83.300003,79.639999,5
31023,145,5,3,36,53.669998,67.470001,5
31023,145,5,4,36,66.290001,71.690002,5
31025,71,5,1,27,68.209999,73.5,17
31025,71,5,2,32,63.439999,71.330002,17
31026,48,5,1,35,57.470001,66.699997,30
31027,87,5,1,35,77.709999,80.379997,10
31027,87,5,2,37,72.93,80.769997,10
31028,61,5,1,23,55.43,69.559998,13
31028,61,5,2,25,52.380001,69.550003,13
31029,17,5,1,17,63.759998,63.240002,58
31030,45,5,1,23,63.290001,67.769997,31
31030,45,5,2,22,58.150002,71,31
31031,44,5,2,20,68.120003,72.239998,41
31031,44,5,1,24,74.264,71.686157,41
31033,26,5,1,26,46.700001,60,41
31034,14,5,1,14,78.379997,74.690002,36
31035,59,5,1,35,68.43,78.360001,26
31035,59,5,2,34,63.299999,70.889999,26
31037,158,5,1,40,79.690002,82.919998,1
31037,158,5,3,40,79.550003,86.339996,1
31037,158,5,4,40,79.510002,82.279999,1
31037,158,5,2,38,85.563889,84.548111,1
31038,112,5,1,33,69.910004,79.389999,1
31038,112,5,3,32,81.059998,82.68,1
31038,112,5,2,30,70.479309,81.130455,1
31039,153,5,1,39,77.050003,81.169998,3
31039,153,5,3,38,80.739998,84.220001,3
31039,153,5,4,38,74.18,79.550003,3
31039,153,5,2,38,80.305275,83.345627,3
31040,44,5,1,40,80.360001,83.610001,4
31045,84,5,1,35,72.489998,84.059998,8
31045,84,5,2,37,67.18,73.410004,8
31046,42,5,1,32,61.099998,71.529999,10
31047,171,5,1,35,74.940002,68.059998,3
31047,171,5,2,34,65.730003,80.300003,3
31047,171,5,3,35,67.610001,72.739998,3
31047,171,5,4,27,93.93,93.860001,3
31048,55,5,1,20,58.040001,77.449997,11
31048,55,5,2,12,71.949997,77.160004,11
31049,59,5,1,27,86.769997,85.160004,2
31049,59,5,2,32,81.817574,84.878784,2
31052,85,5,1,28,85.07,83.559998,2
31052,85,5,2,29,85.519997,87,2
31052,85,5,3,28,85.239998,86.919998,2
31055,71,5,1,37,78.029999,85.910004,3
31055,71,5,2,34,75.790001,85.260002,3
31056,90,5,1,33,67.599998,73.099998,4
31056,90,5,2,36,70.400002,81.168968,4
31060,78,5,1,29,62.25,67.779999,13
31060,78,5,2,29,57.41,70.870003,13
31062,154,5,1,34,67.940002,77.300003,5
31062,154,5,2,37,74.540001,81.690002,5
31062,154,5,3,35,69.209999,74.129997,5
31062,154,5,4,38,77.349998,80.080002,5
31063,41,5,1,21,68.610001,79.830002,6
31063,41,5,2,20,69.269997,79.470001,6
31067,71,5,1,26,60.84,76.5,17
31067,71,5,2,22,63.369999,67.629997,17
31068,48,5,1,24,64.050003,67.330002,15
31068,48,5,2,24,66.43,65.43,15
31069,69,5,1,24,62.5,81.790001,6
31069,69,5,2,26,60.279999,73.519997,6
31070,47,5,1,37,70.239998,75.040001,11
31073,26,5,1,26,62.200001,71.139999,16
31075,80,5,1,37,85.190002,88.589996,6
31075,80,5,2,34,86.809998,87.410004,6
31077,77,5,1,26,74.360001,68.089996,13
31077,77,5,2,26,71.220001,72.480003,13
31078,90,5,2,39,82.120003,77.849998,4
31078,90,5,1,37,75.678711,78.165001,4
31079,79,5,1,20,70.139999,75.620003,12
31079,79,5,2,20,73.050003,82.889999,12
31079,79,5,3,32,59.097187,74.324837,12
31083,22,5,1,22,69.940002,75.860001,38
31084,64,5,1,33,80.099998,83.839996,8
31084,64,5,2,31,72.690002,81.910004,8
31085,23,5,1,23,52.110001,69.5,28
31086,9,5,1,9,47.18,46.330002,51
31087,66,5,1,33,76.459999,84.629997,5
31087,66,5,2,33,75.496872,85.381935,5
31089,52,5,1,26,63.91,64.699997,15
31089,52,5,2,26,70.040001,70.730003,15
31090,116,5,1,29,67.040001,65.720001,17
31090,116,5,2,26,66.120003,62.27,17
31090,116,5,3,28,68.110001,68.68,17
31090,116,5,4,22,70.860001,71.290001,17
31092,16,5,1,16,58.580002,73.269997,23
31095,22,5,1,22,83.470001,84.800003,0
31097,118,5,1,40,58.18,76.669998,10
31097,118,5,2,40,59.049999,73,10
31097,118,5,3,38,59.810268,72.282288,10
31098,57,5,1,24,63.48,59.869999,16
31098,57,5,2,9,67.419998,63.57,16
31099,27,5,1,27,64.879997,72.190002,20
31100,144,5,1,34,69.150002,76.349998,10
31100,144,5,2,30,64.220001,80.330002,10
31100,144,5,3,35,54.52,69.68,10
31100,144,5,4,35,60.096333,73.999336,10
31101,40,5,1,40,57.18,60.18,50
31102,102,5,1,22,72,72.870003,14
31102,102,5,2,22,73.900002,84.099998,14
31102,102,5,3,21,77.300003,75.349998,14
31102,102,5,4,22,74.480003,77.050003,14
31103,19,5,1,19,72.32,78.910004,2
31107,63,5,1,31,64.43,78.800003,7
31107,63,5,2,32,61.41,75.900002,7
31108,21,5,1,21,77,82,28
31109,89,5,1,38,64.970001,75.190002,2
31109,89,5,2,37,69.269997,77.589996,2
31114,20,5,1,20,67,79,1
31115,17,5,1,17,62.529999,73.059998,0
31116,33,5,1,33,74.669998,86.480003,0
31120,16,5,1,16,66,74,11
31121,56,5,1,24,76.360001,77.040001,13
31121,56,5,2,20,60.130001,64.25,13
31122,52,5,2,33,80.669998,80.349998,9
31122,52,5,1,33,73.0364,77.596001,9
31125,35,5,1,35,75.970001,73,17
31129,43,5,1,21,61,80.690002,2
31129,43,5,2,22,59.939999,78.059998,2
31130,20,5,1,20,68,79.330002,2
31132,20,5,1,20,67,74,18
31133,40,5,1,40,65.790001,73.150002,19
31134,14,5,1,14,44.689999,64.379997,46
31135,100,5,1,29,66.959999,75.5,6
31135,100,5,2,29,58.16,73.080002,6
31135,100,5,3,32,57.119999,67.440002,6
31136,56,5,2,23,67.330002,70.519997,21
31136,56,5,1,23,68.61174,77.044998,21
31139,63,5,1,30,64.809998,73.650002,22
31139,63,5,2,33,60.66,73.449997,22
31141,20,5,1,20,44,53,60
31143,112,5,1,36,73.879997,78.550003,4
31143,112,5,2,34,69.480003,79.099998,4
31143,112,5,3,32,73.440002,74.480003,4
31145,127,5,1,35,71.139999,80.139999,2
31145,127,5,2,36,78.129997,82.290001,2
31145,127,5,3,32,74.260002,80.480003,2
31148,92,5,1,34,60.32,74,14
31148,92,5,2,29,55.59,68.300003,14
31148,92,5,3,29,60.16,66.279999,14
31151,29,5,1,29,70,80,9
31152,51,5,1,26,74.279999,79.559998,5
31152,51,5,2,25,74.199997,84.040001,5
31153,99,5,1,28,77.68,85.169998,2
31153,99,5,2,32,81.260002,81.419998,2
31153,99,5,3,28,76.220001,79.260002,2
31154,10,5,1,10,72.199997,77.400002,40
31156,117,5,1,36,68.860001,78.230003,6
31156,117,5,2,33,63.84,73.870003,6
31156,117,5,3,30,62.259998,77.739998,6
31157,81,5,2,29,70.589996,70.800003,17
31157,81,5,1,30,67.410004,69.272728,17
31159,49,5,1,21,73,71.959999,57
31160,95,5,2,30,54.18,73.68,5
31160,95,5,3,33,71.029999,82.360001,5
31160,95,5,1,32,62.131332,76.762756,5
31161,92,5,1,28,75.919998,80.120003,5
31161,92,5,3,30,77.860001,82.419998,5
31161,92,5,2,34,74.434998,80.547882,5
31162,69,5,1,34,72.32,82.419998,13
31162,69,5,2,35,78.940002,83.309998,13
31164,25,5,1,25,76,82,15
31165,20,5,1,20,69.699997,75.699997,43
31167,14,5,1,14,81.269997,86.099998,4
31168,11,5,1,11,81.82,87.449997,0
31188,127,5,1,34,61.060001,67.029999,15
31188,127,5,2,34,53.810001,67.830002,15
31188,127,5,3,35,62.290001,67,15
31189,113,5,1,35,64.360001,73.75,7
31189,113,5,2,30,63.32,77.650002,7
31189,113,5,3,28,57.119999,71.760002,7
31207,44,5,1,31,52,75.190002,9
31208,92,5,1,29,80,84,2
31208,92,5,2,30,68.199997,74.720001,2
31208,92,5,3,33,75,72.269997,2
31209,92,5,2,38,77.480003,85.110001,8
31209,92,5,1,38,73.030586,79.455452,8
31210,78,5,1,40,80.529999,83.239998,3
31210,78,5,2,38,81.330002,83.949997,3
31212,29,5,1,29,56,66,44
31213,70,5,1,27,79.580002,73,20
31213,70,5,2,29,79.139999,77.269997,20
31214,35,5,1,25,81,84,4
31216,150,5,1,38,77.919998,84.489998,6
31216,150,5,2,30,70.43,79.879997,6
31216,150,5,4,33,74,80.410004,6
31216,150,5,3,34,76.811852,86.499283,6
31217,116,5,1,34,47.73,52.25,26
31217,116,5,2,35,55.529999,69.239998,26
31217,116,5,3,34,59.277859,71.629997,26
31219,47,5,1,19,31.450001,46.77,40
31219,47,5,2,19,47,54,40
31220,121,5,2,38,67.709999,70.709999,11
31220,121,5,3,38,75.970001,76.110001,11
31220,121,5,1,36,59.647778,65.578827,11
31222,42,5,1,21,63.880001,66.760002,44
31222,42,5,2,21,62.220001,73.059998,44
31224,22,5,1,22,48.57,52.369999,50
31232,24,5,1,12,60.82,76.18,6
31235,100,5,3,31,75.040001,76.629997,3
31235,100,5,4,14,80.07,76.269997,3
31235,100,5,2,28,75.966553,78.114227,3
31237,48,5,1,27,87.050003,86.43,2
31237,48,5,2,21,77.25,83.309998,2
31238,59,5,1,29,71.900002,69.040001,6
31238,59,5,2,30,68.550003,73,6
31239,66,5,1,33,67.480003,77.940002,6
31239,66,5,2,33,70.472504,81.995628,6
31242,89,5,1,38,69.209999,79.709999,10
31242,89,5,2,39,62.740002,70.919998,10
31243,113,5,1,39,81,84.489998,0
31243,113,5,2,36,77.260002,85.360001,0
31243,113,5,3,38,70.089996,84.139999,0
31250,117,5,1,38,63.259998,80.169998,7
31250,117,5,2,40,67.150002,76.779999,7
31250,117,5,3,39,55.84,69.589996,7
31252,150,5,2,37,74.889999,76.139999,4
31252,150,5,3,37,72.860001,80.669998,4
31252,150,5,1,37,79.997108,83.053787,4
31253,59,5,1,26,61.450001,72.400002,23
31253,59,5,2,24,53.130436,64.173912,23
31255,21,5,1,21,58.790001,60.93,46
31256,60,5,1,30,78,80.839996,5
31256,60,5,2,30,79.400002,79.199997,5
31257,121,5,1,37,66.769997,68.709999,7
31257,121,5,2,36,86.410004,83.650002,7
31257,121,5,3,35,84.419998,80.330002,7
31259,43,5,1,24,56,77,31
31260,34,5,1,15,44,54,30
31261,130,5,2,38,64.629997,71.5,6
31261,130,5,3,38,70.5,76.529999,6
31261,130,5,1,37,69.585831,87.311821,6
31262,45,5,1,24,77.589996,83,10
31262,45,5,2,21,65.32,82.160004,10
31265,41,5,1,27,75.540001,82.919998,5
41001,36,5,1,23,80.889999,83.32,8
41002,130,5,1,35,67.150002,78.209999,3
41002,130,5,3,37,74.209999,81.120003,3
41002,130,5,2,38,65.736,77.743889,3
41003,41,5,1,21,68.879997,73.290001,31
41003,41,5,2,20,64.769997,68.849998,31
41006,15,5,1,15,68.129997,72.129997,19
41009,58,5,1,24,81.07,81.790001,10
41009,58,5,2,24,74.860001,81.279999,10
41010,45,5,1,23,71.620003,76.620003,10
41010,45,5,2,22,54.77182,61.380001,10
41012,29,5,1,29,58.16,63.84,33
41016,11,5,1,11,52.82,59.779999,28
41017,29,5,1,29,65.07,64.93,30
41018,30,5,1,30,72.809998,84.059998,1
41019,27,5,1,27,78.699997,81,5
41020,134,5,2,35,71.230003,73.769997,2
41020,134,5,3,33,79.68,79.43,2
41020,134,5,4,31,62.860001,73.639999,2
41020,134,5,1,35,69.536667,80.676064,2
41023,51,5,1,24,78.650002,76.260002,11
41023,51,5,2,27,71.771156,75.769997,11
41024,43,5,1,20,62.689999,85.809998,11
41024,43,5,2,23,60.52,88.379997,11
41025,52,5,1,25,70.169998,76.050003,11
41025,52,5,2,27,69.848892,77.746429,11
41029,89,5,1,30,62.830002,77.860001,0
41029,89,5,2,29,66.150002,77.959999,0
41029,89,5,3,30,67.959999,82.080002,0
41030,19,5,1,19,57.939999,76.720001,0
41032,107,5,1,34,80.040001,80.93,12
41032,107,5,2,34,73.790001,71.959999,12
41032,107,5,3,31,79.568573,74.677139,12
41034,73,5,1,33,71.589996,79.790001,12
41034,73,5,2,29,75.959999,80.040001,12
41035,41,5,2,21,62.700001,69.050003,21
41035,41,5,1,20,61.363636,67.045456,21
41037,58,5,1,20,66.32,69.470001,18
41037,58,5,2,22,60.43,70.900002,18
41039,32,5,1,32,58,66,24
41040,73,5,1,32,67.940002,78.099998,6
41040,73,5,2,31,76.970001,79.25,6
41041,21,5,1,21,73.139999,78.099998,9
41045,96,5,1,31,61.610001,67.809998,10
41045,96,5,2,34,74.879997,78.809998,10
41045,96,5,3,31,68.269997,68.669998,10
41046,19,5,1,19,78,76.879997,6
41058,42,5,1,22,69.57,78.300003,16
41058,42,5,2,20,65.110001,82,16
41059,16,5,1,16,72.059998,78.629997,40
41060,92,5,1,29,69.559998,74.629997,10
41060,92,5,2,32,66.910004,75.970001,10
41060,92,5,3,31,61.681377,71.239655,10
41061,87,5,1,35,63.09,76.360001,12
41061,87,5,2,38,54.490002,69.860001,12
41062,139,5,1,34,74.900002,71.57,13
41062,139,5,2,28,74.32,86.269997,13
41062,139,5,4,31,64.029999,74.860001,13
41063,67,5,1,32,73.559998,79.190002,20
41063,67,5,2,35,62.209999,67.800003,20
41066,22,5,1,22,59,71,22
41068,23,5,1,23,73.269997,78.32,0
41071,73,5,1,36,63.09,73.940002,3
41071,73,5,2,37,69.410004,77.080002,3
41072,41,5,1,21,72.589996,79.18,9
41072,41,5,2,20,69.389999,83.610001,9
41073,119,5,1,34,73.129997,80,4
41073,119,5,3,37,77.82,81.760002,4
41073,119,5,2,38,73.705528,75.327568,4
41074,20,5,1,20,71.550003,65.599998,11
41077,66,5,1,32,68.220001,72.309998,25
41077,66,5,2,34,67.75724,75.86483,25
41078,226,5,2,38,77.510002,81.599998,9
41078,226,5,3,36,72.220001,74.059998,9
41078,226,5,4,35,75.790001,82.059998,9
41078,226,5,5,36,69.470001,78.779999,9
41078,226,5,6,37,74.32,74.970001,9
41079,25,5,1,25,57,59,34
41080,43,5,1,34,50.209999,64.260002,35
41081,84,5,1,27,64.660004,71.620003,16
41081,84,5,3,29,66.269997,68.93,16
41081,84,5,2,28,70.095169,66.447586,16
41082,17,5,1,17,72.629997,70.440002,41
41083,14,5,1,14,79.800003,73.5,54
41084,68,5,1,31,73.599998,77.5,6
41084,68,5,2,25,73.959999,77.459999,6
41085,158,5,2,37,81.209999,83.190002,4
41085,158,5,3,39,81.489998,79,4
41085,158,5,5,11,76.690002,77.089996,4
41085,158,5,1,36,76.376762,85.19912,4
41086,188,5,1,39,73.870003,74.940002,5
41086,188,5,2,35,77.389999,76.139999,5
41086,188,5,3,38,79.459999,77.360001,5
41086,188,5,4,40,74.849998,74.080002,5
41086,188,5,5,37,79.970001,80.160004,5
41087,97,5,1,34,66,70.139999,9
41087,97,5,2,32,67.32,70.110001,9
41087,97,5,3,31,74.029999,72.169998,9
41089,97,5,1,42,65.5,69.75,18
41089,97,5,2,43,57.82,60.029999,18
41091,78,5,1,39,71.459999,72.779999,11
41091,78,5,2,39,82.394211,81.220001,11
41092,28,5,1,28,57.07,68.220001,16
41093,27,5,1,25,61.330002,69.529999,51
41094,23,5,1,23,83.769997,83.730003,3
41095,51,5,1,23,84.199997,81.150002,26
41095,51,5,2,23,83.290001,79.620003,26
41096,41,5,1,20,57.650002,62.220001,36
41096,41,5,2,21,67.18,69.410004,36
41097,43,5,1,22,72.809998,80.43,8
41097,43,5,2,21,60.849998,79.900002,8
41098,38,5,1,38,38.18,56.560001,36
41099,55,5,1,25,56.110001,63.57,27
41099,55,5,2,30,48.650002,58.560001,27
41100,62,5,1,31,63.060001,72.660004,23
41100,62,5,2,31,71.129997,65.900002,23
41101,44,5,1,23,51.380001,60.950001,43
41101,44,5,2,21,45.82,59.330002,43
41105,33,5,1,33,62.220001,76.370003,40
41106,103,5,2,35,73.889999,74.690002,4
41106,103,5,3,28,85.480003,80.480003,4
41106,103,5,4,11,66.480003,73.739998,4
41108,54,5,1,27,77.519997,74.629997,20
41108,54,5,2,27,71.43,75.190002,20
41111,82,5,1,34,68.379997,79.480003,11
41111,82,5,2,28,78.825218,82.916519,11
41114,23,5,1,23,72.5,84.889999,2
41116,140,5,1,32,58.830002,70.970001,9
41116,140,5,2,38,76.309998,79.800003,9
41116,140,5,4,34,68.940002,76.970001,9
41116,140,5,3,36,73.974854,79.163612,9
41118,54,5,1,25,66.089996,74.5,4
41118,54,5,2,29,81.139999,81.209999,4
41122,19,5,1,19,63,76,11
41125,70,5,1,30,78.25,78.949997,10
41125,70,5,2,28,80.790001,76.18,10
41126,82,5,1,41,74.970001,81.699997,5
41126,82,5,2,41,85.050003,85.230003,5
41127,56,5,1,28,74.540001,75.849998,17
41127,56,5,2,28,78.459999,73.150002,17
41129,24,5,1,24,48.669998,58.650002,33
41131,47,5,1,23,78.610001,80.519997,0
41131,47,5,2,24,77.639999,79.5,0
41132,58,5,1,28,75,78.57,0
41132,58,5,2,30,84.18,84.07,0
41134,51,5,1,24,47.700001,47.790001,31
41134,51,5,2,27,72.260002,81.089996,31
41135,157,5,1,39,80.239998,82.349998,8
41135,157,5,2,39,74.440002,77.470001,8
41135,157,5,3,40,82.400002,88.660004,8
41135,157,5,4,39,74.693336,79.243027,8
41136,63,5,1,31,74.059998,78.029999,24
41136,63,5,2,32,80.93,82.07,24
41137,134,5,1,40,83.620003,81.889999,15
41137,134,5,2,40,83.919998,88.889999,15
41137,134,5,3,40,79.919998,79.239998,15
41138,173,5,1,40,72.269997,75.940002,13
41138,173,5,2,38,80.290001,80.410004,13
41138,173,5,3,40,74.809998,78.620003,13
41138,173,5,4,40,72.790001,74.190002,13
41139,129,5,1,31,73.589996,69.480003,12
41139,129,5,2,28,71.639999,76.360001,12
41139,129,5,3,34,72,71.849998,12
41139,129,5,4,36,68.849998,74.82,12
41140,64,5,2,26,59.110001,60.110001,40
41140,64,5,3,12,54.099998,61.57,40
41142,139,5,2,32,75.769997,76.389999,11
41142,139,5,3,37,85.029999,86.540001,11
41142,139,5,4,34,83.089996,80.940002,11
41142,139,5,1,36,75.261612,75.225487,11
41143,46,5,1,22,70.330002,68.669998,40
41143,46,5,2,24,54.71125,63.997501,40
41144,88,5,1,27,78.080002,73.459999,35
41144,88,5,2,31,68.669998,69.160004,35
41144,88,5,3,30,73.120003,70.559998,35
41145,28,5,1,28,66.089996,71.57,19
41146,46,5,1,22,69.449997,68.099998,41
41146,46,5,2,24,63.669998,62,41
41148,59,5,1,29,54.209999,59.32,46
41148,59,5,2,30,53.369999,64.970001,46
41149,127,5,2,33,71.690002,75,19
41149,127,5,3,30,62.16,69.790001,19
41149,127,5,4,32,66,75.07,19
41149,127,5,1,32,72.154839,67.99968,19
41150,38,5,1,38,76.470001,83.650002,1
41153,10,5,1,10,62,75,0
41154,17,5,1,17,77.239998,81.529999,0
41155,76,5,1,33,72.089996,79.559998,1
41155,76,5,2,31,78.239998,82.660004,1
41160,126,5,1,39,69.150002,75,11
41160,126,5,2,39,78.32,80,11
41160,126,5,3,38,72.839996,80.160004,11
41161,166,5,1,32,72.519997,83.480003,3
41161,166,5,2,33,62.470001,76.720001,3
41161,166,5,3,34,80.650002,82.970001,3
41161,166,5,4,34,73.309998,82.459999,3
41161,166,5,5,33,74.897812,79.420341,3
41162,84,5,1,28,50.169998,66.410004,9
41162,84,5,2,30,66.110001,68.889999,9
41162,84,5,3,26,92.690002,93.809998,9
41163,64,5,1,31,57.279999,80.339996,8
41163,64,5,2,33,57.43,82.790001,8
41164,15,5,1,15,55.360001,68,16
41165,97,5,1,33,65.169998,70.220001,10
41165,97,5,2,33,68.830002,74.800003,10
41165,97,5,3,31,68.199997,76.199997,10
41166,100,5,1,34,79.339996,75.879997,12
41166,100,5,2,33,74.879997,78.669998,12
41166,100,5,3,33,83.650002,78.190002,12
41167,28,5,1,28,62.32,73.610001,8
41168,108,5,1,35,62.540001,68.110001,4
41168,108,5,2,37,75.43,74.400002,4
41168,108,5,3,36,66.029999,76.639999,4
41169,73,5,1,38,73.639999,75.580002,10
41169,73,5,2,39,66.379997,67.419998,10
41170,84,5,1,27,56.119999,62.68,11
41170,84,5,3,28,72.589996,69.5,11
41170,84,5,2,29,75.260002,77.185188,11
41172,84,5,1,28,74.889999,81.190002,10
41172,84,5,2,30,80.290001,82.519997,10
41172,84,5,3,26,75.678398,75.993202,10
41173,83,5,1,27,85.440002,78.879997,10
41173,83,5,2,28,79.959999,81.580002,10
41173,83,5,3,28,82.809998,84.269997,10
41174,123,5,1,34,61.029999,71.330002,12
41174,123,5,2,27,60.380001,61.240002,12
41174,123,5,3,35,54.580002,69.389999,12
41174,123,5,4,27,69.730385,73.009232,12
41176,24,5,1,24,67.519997,68.900002,43
41178,49,5,1,24,87.830002,87.870003,5
41178,49,5,2,25,81.43,79.300003,5
41179,61,5,1,32,71.93,78.080002,5
41179,61,5,2,29,74,76.080002,5
41181,53,5,1,22,61.779999,69.559998,20
41181,53,5,2,21,72.220001,78.440002,20
41182,37,5,1,25,61.540001,73.18,45
41183,69,5,1,29,76.790001,80.790001,2
41183,69,5,2,32,79.610001,82.739998,2
41184,49,5,1,24,74.650002,77.260002,26
41184,49,5,2,25,78,79.480003,26
41185,63,5,1,28,57.709999,70.459999,20
41185,63,5,2,27,64.739998,71.849998,20
41186,47,5,1,25,65.239998,70.5,24
41186,47,5,2,22,66.209999,71.610001,24
41187,98,5,2,34,80.879997,80.160004,3
41187,98,5,3,33,74.940002,70.449997,3
41187,98,5,1,31,78.087097,77.255806,3
41189,54,5,1,27,79.190002,64.349998,14
41189,54,5,2,27,69.260002,63.52,14
41190,199,5,1,37,76.349998,72.589996,7
41190,199,5,2,40,79.93,78.720001,7
41190,199,5,4,36,72.349998,78.769997,7
41190,199,5,5,37,85.5,81.660004,7
41190,199,5,3,38,70.974327,73.679733,7
41191,122,5,1,36,70.199997,73.059998,16
41191,122,5,3,35,64.290001,73.209999,16
41191,122,5,2,37,66.432571,75.660004,16
41193,44,5,1,20,55.68,69.449997,21
41193,44,5,2,24,59,69.650002,21
41194,80,5,1,22,82.169998,84.209999,17
41194,80,5,2,30,73.139999,77.68,17
41194,80,5,3,28,73.690002,81.519997,17
41195,111,5,2,31,78.599998,78.400002,7
41195,111,5,3,28,69.040001,69.699997,7
41195,111,5,1,31,76.959999,76.522224,7
41197,98,5,1,31,76.349998,82.080002,12
41197,98,5,3,34,86.209999,79.550003,12
41197,98,5,2,33,85.955925,81.51741,12
41198,51,5,1,25,80.669998,81.43,6
41198,51,5,2,26,80.75,77.5,6
41199,109,5,1,37,84.760002,84.580002,5
41199,109,5,2,37,76.889999,79.139999,5
41199,109,5,3,35,86.290001,84.790001,5
41202,112,5,1,38,81.480003,81.449997,4
41202,112,5,2,37,84.690002,83.599998,4
41202,112,5,3,37,76.209999,78.790001,4
41203,119,5,2,39,68.699997,79.089996,7
41203,119,5,3,40,79.199997,81.260002,7
41203,119,5,1,40,76.691666,76.784325,7
41206,67,5,1,34,75.349998,74.029999,10
41206,67,5,2,33,71.419998,76.93,10
41208,92,5,1,28,64.480003,80.190002,7
41208,92,5,2,26,78.269997,83.5,7
41208,92,5,3,28,74.889999,82.699997,7
41210,80,5,2,40,64.209999,63.740002,19
41210,80,5,1,40,74.056114,76.429192,19
41212,96,5,1,32,69.589996,64.720001,12
41212,96,5,3,33,64.879997,71.629997,12
41212,96,5,2,31,66.514839,70.703224,12
41214,21,5,1,21,53.709999,59.290001,41
41217,49,5,1,23,60.41,62.360001,46
41217,49,5,2,26,63.52087,71.438263,46
41218,28,5,1,28,69.849998,73.879997,2
41220,125,5,1,38,66.370003,78.18,3
41220,125,5,3,40,64.889999,78.160004,3
41220,125,5,2,35,66.907097,80.965332,3
41221,155,5,1,35,78.150002,80.970001,5
41221,155,5,3,37,76.830002,77.260002,5
41221,155,5,4,36,77.82,82.470001,5
41221,155,5,2,36,75.289146,83.340286,5
41225,135,5,1,32,80,79.870003,8
41225,135,5,3,31,81.029999,83.760002,8
41225,135,5,4,29,75.209999,80.339996,8
41225,135,5,2,32,75.519997,80,8
41227,36,5,1,36,64.089996,77.660004,2
41232,19,5,1,19,64.32,79.949997,0
41234,101,5,1,34,61.450001,74.580002,5
41234,101,5,2,32,62.279999,78.209999,5
41234,101,5,3,35,71.089996,78.169998,5
41236,23,5,1,23,50,66,33
41237,19,5,1,19,70.870003,85.129997,34
41274,19,5,1,19,43.560001,44.189999,28
41275,34,5,1,34,65.620003,82.690002,4
41276,92,5,1,29,83.620003,79.540001,2
41276,92,5,2,32,89.330002,86.129997,2
41276,92,5,3,31,75.739998,81.779999,2
41277,80,5,1,32,59.84,63.68,11
41277,80,5,2,33,59.970001,66.43,11
41282,64,5,1,30,59.32,65.43,14
41282,64,5,2,34,55.360001,67.639999,14
41284,109,5,1,36,69.370003,72.169998,8
41284,109,5,2,37,67.080002,67.269997,8
41284,109,5,3,36,62.939999,68.029999,8
41285,74,5,1,37,61.060001,58.939999,21
41285,74,5,2,37,59.639999,64,21
41287,111,5,1,37,73.169998,79.970001,18
41287,111,5,3,37,74.330002,80.970001,18
41287,111,5,2,37,59.731819,73.060936,18
41288,37,5,1,37,60.470001,63.650002,7
41289,39,5,2,14,37.580002,46.669998,44
41289,39,5,1,25,45.956364,47.18,44
41290,79,5,1,25,69.959999,80.040001,3
41290,79,5,2,29,77.459999,76.25,3
41290,79,5,3,25,74.179131,77.91304,3
41293,100,5,1,34,79.099998,75.889999,2
41293,100,5,2,34,82.93,77.589996,2
41293,100,5,3,32,81.809998,81.629997,2
41294,57,5,1,31,69.080002,75.959999,7
41294,57,5,2,26,65.669998,80.379997,7
41296,47,5,1,24,71.379997,67.580002,33
41296,47,5,2,23,72.783157,70.793686,33
41298,160,5,1,40,81.709999,76.290001,8
41298,160,5,2,40,76.769997,76.18,8
41298,160,5,4,40,73.889999,74.830002,8
41298,160,5,3,40,79.408974,72.691055,8
41303,94,5,1,31,65.739998,73.150002,14
41303,94,5,2,32,68.830002,77.459999,14
41303,94,5,3,31,69.580772,74.650383,14
41304,41,5,1,21,69.279999,75.43,15
41305,19,5,1,19,85.940002,84.279999,44
41306,31,5,1,31,50,58,40
41308,70,5,1,26,69.300003,77.519997,9
41308,70,5,2,27,66.43,69.199997,9
41315,32,5,1,20,57.810001,62.290001,38
41316,46,5,1,23,67.959999,53.189999,20
41316,46,5,2,23,56,54.650002,20
41319,142,5,1,35,77.25,82.879997,3
41319,142,5,2,33,71.260002,76.370003,3
41319,142,5,3,37,80.599998,80.290001,3
41319,142,5,4,37,67.059998,76.029999,3
41324,53,5,2,27,47.450001,46.860001,31
41324,53,5,1,26,46.549999,41.003811,31
41325,99,5,1,29,62.189999,60.779999,17
41325,99,5,2,29,68.040001,68.610001,17
41325,99,5,3,29,64.629997,73.142998,17
41326,53,5,1,27,64.690002,66.629997,47
41326,53,5,2,26,58.68,59.150002,47
41327,55,5,2,27,72.440002,73.160004,16
41327,55,5,1,28,54.259258,67.074074,16
41329,137,5,1,33,80.209999,83.639999,4
41329,137,5,2,32,74.709999,77.68,4
41329,137,5,4,34,81.410004,81.209999,4
41329,137,5,3,30,79.540718,85.498215,4
41330,109,5,1,36,77.620003,78.209999,8
41330,109,5,2,38,66.080002,67.370003,8
41330,109,5,3,35,63.481213,70.933334,8
41335,81,5,1,41,77.339996,81.919998,3
41335,81,5,2,40,67.540001,78.239998,3
41336,21,5,1,21,75,81,3
41338,38,5,1,26,27.690001,34.799999,46
41339,50,5,1,27,70.919998,76.379997,16
41339,50,5,2,23,73.300003,79.769997,16
41340,117,5,1,38,74.830002,82.720001,4
41340,117,5,2,37,70.900002,78.550003,4
41340,117,5,3,36,69.699997,75.199997,4
41342,79,5,1,40,84.379997,82.449997,9
41342,79,5,2,39,77.760002,78.029999,9
41343,98,5,1,35,70.099998,80.279999,6
41343,98,5,3,30,65.669998,76.169998,6
41343,98,5,2,33,65.067337,77.260002,6
41344,71,5,1,33,87.790001,87.550003,0
41344,71,5,2,38,86.550003,86.260002,0
41345,113,5,1,39,71.459999,73.260002,4
41345,113,5,2,36,68.309998,74.230003,4
41345,113,5,3,38,77.540001,75.080002,4
41346,80,5,2,40,87.019997,81.830002,5
41346,80,5,1,40,84.927689,78.076157,5
41347,96,5,1,31,75.470001,75.300003,5
41347,96,5,2,32,73.379997,75.309998,5
41347,96,5,3,33,82.054375,77.346252,5
41348,172,5,1,35,74.32,86.639999,8
41348,172,5,2,35,66.190002,80.900002,8
41348,172,5,4,34,66.169998,82,8
41348,172,5,5,34,72.25,87.879997,8
41348,172,5,3,34,65.897034,82.371109,8
41362,62,5,1,30,76.849998,83.809998,4
41362,62,5,2,25,62.790001,82.5,4
41363,107,5,1,37,74.309998,79.720001,8
41363,107,5,2,35,71.309998,76.470001,8
41363,107,5,3,35,76.739998,85.459999,8
41364,120,5,1,36,80.230003,80.330002,4
41364,120,5,2,36,78.18,74.529999,4
41364,120,5,3,37,67.720001,75.860001,4
41365,47,5,1,36,64,67,43
41366,84,5,1,37,76.410004,79.5,8
41366,84,5,2,36,71.379997,75.709999,8
41367,127,5,1,31,71.18,82.43,3
41367,127,5,2,33,78.769997,82.730003,3
41367,127,5,3,29,80.120003,82.360001,3
41367,127,5,4,34,81.660004,83.900002,3
41368,84,5,1,37,71.239998,77.190002,16
41368,84,5,2,36,73.239998,75.190002,16
41369,122,5,2,31,73.75,80.639999,4
41369,122,5,3,30,79.410004,85.529999,4
41369,122,5,1,34,78.001717,82.969711,4
41370,30,5,1,30,75.57,83.110001,4
41371,39,5,1,39,73.309998,79.639999,5
41381,66,5,1,33,66.559998,62.380001,30
41381,66,5,2,33,53.5,63.77,30
41382,121,5,2,40,68.32,72.910004,9
41382,121,5,3,41,68.440002,74.440002,9
41382,121,5,1,40,70.258888,74.544052,9
41383,177,5,1,35,80.449997,77.389999,2
41383,177,5,2,36,81.690002,80.059998,2
41383,177,5,3,36,77.690002,79.339996,2
41383,177,5,4,34,77.550003,74.730003,2
41383,177,5,5,36,72.580002,79.970001,2
41384,78,5,1,46,84.699997,84.470001,5
41384,78,5,2,32,76,81.150002,5
41385,160,5,1,40,75.849998,75.050003,6
41385,160,5,2,40,71.029999,78.800003,6
41385,160,5,3,40,72.150002,78.599998,6
41385,160,5,4,40,72.410004,78.620003,6
41390,120,5,1,36,83.029999,82.690002,3
41390,120,5,2,39,83.25,83.449997,3
41390,120,5,3,35,86.11692,82.845001,3
41391,113,5,1,36,68.830002,75.330002,5
41391,113,5,2,38,70.080002,76.580002,5
41391,113,5,3,39,74.089996,79.089996,5
41392,56,5,1,26,54.91,57.450001,25
41392,56,5,2,30,64.389999,67.269997,25
41394,60,5,2,30,76.849998,83.260002,3
41394,60,5,1,30,79.108925,78.820717,3
41397,31,5,1,31,82.279999,84.230003,0
41398,35,5,1,35,59.689999,74.720001,8
41399,68,5,1,30,74.860001,79.900002,32
41399,68,5,2,28,74.459999,78.389999,32
41400,94,5,2,30,64.370003,71.5,3
41400,94,5,3,31,68.790001,78.779999,3
41400,94,5,1,33,73.677094,80.898003,3
41402,120,5,2,36,65.68,75.790001,4
41402,120,5,3,37,71.580002,77.150002,4
41402,120,5,1,39,78.09684,80.872108,4
41403,21,5,1,21,76.099998,76.25,14
41406,85,5,1,37,55.970001,60.619999,26
41406,85,5,2,36,53.080002,58.73,26
41407,153,5,1,40,74.610001,81.970001,1
41407,153,5,3,36,68.470001,79.389999,1
41407,153,5,4,39,66.57,73.529999,1
41407,153,5,2,38,70.194572,76.82412,1
41408,73,5,1,37,67.209999,70.620003,15
41408,73,5,2,36,64.903435,69.438126,15
41409,117,5,1,38,82.449997,80.110001,2
41409,117,5,2,34,86.07,82.410004,2
41409,117,5,3,35,79.879997,82.940002,2
41411,29,5,1,29,62.700001,75.519997,32
41413,96,5,1,32,67.879997,65.809998,12
41413,96,5,2,33,69.529999,76.629997,12
41413,96,5,3,31,66.544518,70.545807,12
41415,63,5,1,34,76.879997,77.519997,4
41415,63,5,2,29,71.370003,74.93,4
41417,79,5,2,40,60.220001,68.190002,10
41417,79,5,1,39,68.252502,78.411247,10
41418,60,5,1,30,76.82,82.709999,5
41419,34,5,1,34,58.810001,71.650002,6
41420,104,5,1,35,68.330002,72.519997,15
41420,104,5,2,34,71.290001,68.5,15
41420,104,5,3,35,70.635452,72.178185,15
41421,23,5,1,23,42.32,51.23,66
41423,102,5,1,34,76.57,80.400002,7
41423,102,5,3,37,79.809998,85.610001,7
41423,102,5,2,33,74.606133,79.938385,7
41424,55,5,1,28,73.139999,72.910004,7
41424,55,5,2,27,62.73,77.089996,7
41425,116,5,1,35,65.610001,70.589996,6
41425,116,5,2,36,70.309998,76.309998,6
41425,116,5,3,35,65.519997,76.660004,6
41426,105,5,1,31,77,81.809998,5
41426,105,5,2,27,77.870003,84.099998,5
41426,105,5,3,31,81.830002,84.099998,5
41427,51,5,1,24,57.330002,61.950001,25
41427,51,5,2,27,52.568695,62.04565,25
41431,96,5,1,32,73.650002,83.480003,1
41431,96,5,2,33,78.190002,78.519997,1
41431,96,5,3,31,64.470001,76.769997,1
41432,69,5,1,33,74.669998,77.370003,16
41432,69,5,2,36,68.790001,73.940002,16
41433,76,5,1,37,85.870003,77.379997,3
41433,76,5,2,39,79.389999,77.150002,3
41434,116,5,1,39,59.709999,73.739998,4
41434,116,5,2,40,56.32,66.68,4
41434,116,5,3,37,62.299999,72.610001,4
41435,111,5,1,31,79.550003,79.709999,1
41435,111,5,2,36,72.169998,77.57,1
41435,111,5,3,32,76.129997,86.160004,1
41436,120,5,1,39,79.970001,80.43,3
41436,120,5,2,41,74.239998,75.32,3
41436,120,5,3,40,72.160004,77.68,3
41437,61,5,1,31,74.139999,77.029999,3
41437,61,5,2,30,73.720001,79.550003,3
41440,80,5,1,40,65.419998,77.419998,2
41440,80,5,2,40,73.220001,79.550003,2
41441,86,5,1,38,58.57,68.489998,1
41441,86,5,2,38,69.18,78.349998,1
41442,76,5,2,34,60.919998,70.580002,13
41442,76,5,1,33,79.443199,82.71048,13
41443,97,5,1,32,62.380001,76.459999,5
41443,97,5,2,33,61.52,69.690002,5
41443,97,5,3,32,67.963333,72.970337,5
41444,65,5,1,34,82.940002,84,1
41444,65,5,2,31,77.790001,75.32,1
41445,208,5,1,35,72.599998,80.690002,13
41445,208,5,2,35,75.419998,80.269997,13
41445,208,5,4,35,67.410004,83.709999,13
41445,208,5,5,34,67.419998,79.610001,13
41445,208,5,6,33,70.190002,82.339996,13
41445,208,5,3,36,67.00222,79.720001,13
41447,32,5,1,32,79,83.5,0
41448,73,5,1,33,63.959999,70.629997,8
41448,73,5,2,32,64.610001,69.68,8
41449,41,5,1,41,73.269997,78.720001,13
41450,95,5,1,29,87.639999,83.379997,1
41450,95,5,2,32,78.940002,82.900002,1
41450,95,5,3,34,82.739998,83.470001,1
41452,114,5,2,26,61.84,71.040001,30
41452,114,5,3,27,67.610001,74.5,30
41452,114,5,4,30,58.349998,62.93,30
41456,38,5,1,38,81.809998,81.510002,6
41457,70,5,1,36,73.730003,76,7
41457,70,5,2,34,77.709999,77.879997,7
41458,72,5,1,36,52.709999,72.120003,6
41458,72,5,2,36,55.290001,77.209999,6
41462,20,5,1,20,66.330002,77.480003,4
41468,44,5,1,22,87.669998,80.57,4
41468,44,5,2,22,79.139999,80.32,4
51002,170,5,1,31,48.650002,60.650002,17
51002,170,5,2,32,59.27,62.470001,17
51002,170,5,3,30,51.73,54.959999,17
51002,170,5,4,33,62.830002,64.629997,17
51002,170,5,5,33,65.730003,68.870003,17
51004,61,5,1,31,60.639999,65.209999,33
51004,61,5,2,30,57.209999,57.93,33
51005,94,5,2,30,54.099998,59.099998,31
51005,94,5,3,30,63.34,69.279999,31
51005,94,5,1,34,50.804668,60.829334,31
51006,36,5,1,16,47.939999,54.07,25
51006,36,5,2,20,38.75,51,25
51007,87,5,1,37,67.599998,79.339996,7
51007,87,5,2,37,67.43,75.949997,7
51008,5,5,1,5,74,69.669998,31
51009,17,5,1,17,63,67,11
51010,51,5,1,26,54.779999,64.919998,27
51010,51,5,2,26,54.540001,67.790001,27
51011,52,5,2,28,62.450001,67.110001,18
51011,52,5,1,24,65.954346,64.648697,18
51012,28,5,1,28,62.07,71.5,7
51014,24,5,1,24,51.48,68.879997,19
51015,46,5,1,21,60.759998,59.59,34
51015,46,5,2,16,61.310001,65.690002,34
51016,70,5,1,35,60.790001,76.639999,10
51016,70,5,2,35,66.610001,81.260002,10
51018,22,5,1,22,32.049999,49.330002,52
51019,55,5,1,25,85.169998,84.900002,2
51019,55,5,2,30,73.919998,80.129997,2
51020,37,5,2,15,39.889999,54.669998,34
51020,37,5,1,22,55.9995,63.998421,34
51021,145,5,1,38,70.32,75.57,9
51021,145,5,3,37,74.360001,75.330002,9
51021,145,5,4,36,66.720001,67.629997,9
51021,145,5,2,34,72.968002,78.199997,9
51022,73,5,1,26,55.16,67.800003,34
51022,73,5,2,23,48,62.189999,34
51023,111,5,1,36,54.029999,68.82,10
51023,111,5,2,37,56.400002,70.690002,10
51023,111,5,3,38,56.919998,66.089996,10
51025,115,5,1,38,61.669998,71.269997,17
51025,115,5,2,39,64.620003,71.879997,17
51025,115,5,3,38,61.450001,69.879997,17
51026,51,5,1,26,56.82,68.940002,18
51026,51,5,2,25,56.060001,60.709999,18
51027,53,5,1,26,47.09,62,42
51027,53,5,2,27,49.369999,63.299999,42
51028,57,5,1,29,54.459999,69.480003,18
51028,57,5,2,28,62.669998,74.730003,18
51031,80,5,1,40,75.449997,79.5,2
51031,80,5,2,40,76.580559,80.513512,2
51032,76,5,1,31,66.519997,82.959999,2
51032,76,5,2,31,62.419998,81.080002,2
51033,53,5,2,26,71.629997,75.709999,3
51033,53,5,1,27,82.155197,84.118401,3
51034,47,5,1,22,72.650002,83.650002,3
51034,47,5,2,25,76.169998,82.860001,3
51035,65,5,1,33,71.5,74.629997,2
51035,65,5,2,35,72.150002,79.190002,2
51036,49,5,1,22,82.32,83.360001,4
51036,49,5,2,27,76.080002,78.959999,4
51038,70,5,1,35,72.129997,80.739998,3
51038,70,5,2,35,70.739998,82.879997,3
51039,114,5,2,38,81.059998,84.150002,6
51039,114,5,3,39,74.050003,79.629997,6
51039,114,5,1,37,76.237061,79.473824,6
51040,61,5,1,33,64.129997,75.449997,11
51040,61,5,2,28,60.41,74.779999,11
51041,129,5,1,31,77.260002,81.190002,7
51041,129,5,2,32,69.970001,78.239998,7
51041,129,5,3,32,62.380001,76.389999,7
51041,129,5,4,34,63.43,72.230003,7
51042,118,5,1,32,82.209999,85.889999,15
51042,118,5,2,33,74.129997,83,15
51042,118,5,3,30,79.800003,81.239998,15
51042,118,5,4,28,67.440002,76.199997,15
51043,96,5,1,32,83.540001,88.57,6
51043,96,5,2,32,78.959999,84.93,6
51043,96,5,3,32,86.379997,82.209999,6
51044,61,5,1,28,62.82,66.410004,18
51044,61,5,2,33,67.290001,67.910004,18
51045,51,5,1,24,59.279999,70.25,10
51045,51,5,2,27,67.769997,80.309998,10
51046,40,5,1,20,58.150002,66.599998,30
51046,40,5,2,20,60.700001,65.050003,30
51048,130,5,2,31,66.800003,71.300003,6
51048,130,5,3,34,69.779999,78.379997,6
51048,130,5,4,30,55.310001,70.879997,6
51048,130,5,1,35,67.314064,74.588753,6
51049,34,5,1,34,69.650002,68.029999,20
51050,96,5,1,34,55.259998,66.110001,12
51050,96,5,2,31,62.900002,71.75,12
51050,96,5,3,31,92.339996,91.720001,12
51051,50,5,2,25,77.800003,77.040001,8
51051,50,5,1,25,61.875,64.708336,8
51052,81,5,1,40,67.910004,70.690002,7
51052,81,5,2,41,63.689999,69.660004,7
51053,35,5,1,14,45.380001,52,28
51053,35,5,2,21,48.279999,60.560001,28
51054,72,5,1,36,67.139999,69.459999,6
51054,72,5,2,36,62.639999,67.690002,6
51055,47,5,1,24,69.400002,72.199997,8
51055,47,5,2,23,71.480003,77.199997,8
51056,115,5,1,37,71.209999,76.82,7
51056,115,5,3,40,68.370003,78.839996,7
51056,115,5,2,38,73.583611,75.224571,7
51057,65,5,1,30,48.040001,56.139999,20
51057,65,5,2,35,62.689999,65.809998,20
51058,67,5,1,33,57.619999,60.209999,12
51058,67,5,2,34,50.529999,65.07,12
51059,39,5,1,38,58.630001,68.940002,7
51062,72,5,1,38,55.869999,72.050003,19
51062,72,5,2,36,58.5,72.129997,19
51063,87,5,2,31,73.370003,77.300003,4
51063,87,5,3,28,70.93,79.730003,4
51063,87,5,1,28,74.65889,80.185928,4
51068,86,5,1,38,62.259998,71.519997,8
51068,86,5,2,37,70.513794,68.572121,8
51069,53,5,1,28,68.040001,81.220001,4
51069,53,5,2,26,68.839996,81.599998,4
51070,53,5,2,26,67.690002,76.5,3
51070,53,5,1,27,73.532944,84.421051,3
51071,39,5,1,39,62.950001,74.080002,7
51072,38,5,1,38,66.370003,75.339996,10
51073,35,5,1,25,64.160004,74.260002,13
51074,35,5,1,35,67.029999,78.309998,3
51075,73,5,1,37,68.459999,73.660004,3
51075,73,5,2,36,69.651726,74.410347,3
51076,69,5,1,32,67.769997,74.580002,4
51076,69,5,2,37,67.970001,78.709999,4
51077,103,5,1,35,61.830002,76.800003,6
51077,103,5,2,35,72.879997,81.089996,6
51077,103,5,3,33,65.5,70.769997,6
51078,47,5,1,25,68.150002,79.900002,7
51078,47,5,2,22,69.849998,80.099998,7
51079,53,5,1,28,57.07,71.110001,21
51079,53,5,2,25,55.439999,65.400002,21
51080,76,5,2,39,66.510002,76,1
51080,76,5,1,38,67.489998,74.054054,1
51081,49,5,1,24,68.389999,76.650002,6
51081,49,5,2,29,75.330002,77.300003,6
51082,27,5,1,27,72,77,4
51083,74,5,1,37,72.540001,83.720001,3
51083,74,5,2,37,80.779999,83.059998,3
51084,85,5,1,37,64.5,76.669998,8
51084,85,5,2,37,67.080002,80.389999,8
51085,39,5,1,39,60.169998,76.089996,3
51086,44,5,2,23,75.699997,81.739998,2
51086,44,5,1,21,67.947617,75.999046,2
51087,28,5,1,28,64.82,76.620003,14
51088,57,5,1,26,70.690002,79.540001,10
51088,57,5,2,31,71.268669,80.398666,10
51090,10,5,1,10,69.669998,80.559998,11
51091,31,5,1,31,64.620003,67.699997,19
51092,131,5,1,36,78.389999,83.080002,1
51092,131,5,2,31,79.93,81.099998,1
51092,131,5,3,31,78.230003,82.93,1
51092,131,5,4,33,78.370003,82.029999,1
51093,79,5,2,39,71.080002,80.889999,2
51093,79,5,1,40,74.776001,85.004501,2
51098,69,5,1,34,83.160004,84.690002,2
51098,69,5,2,35,74.940002,86.480003,2
51100,48,5,1,36,69,79,4
51103,103,5,1,37,81.589996,84.489998,3
51103,103,5,2,33,79.199997,84.93,3
51103,103,5,3,33,86.25,88.309998,3
51104,51,5,1,29,77.82,84.209999,4
51104,51,5,2,22,70.699997,77.650002,4
51107,78,5,1,39,76.919998,82.589996,3
51107,78,5,2,39,81.317711,81.342575,3
51111,55,5,1,18,60.41,67.809998,18
51111,55,5,2,25,71.089996,73.82,18
51112,54,5,2,25,72.239998,81.860001,9
51112,54,5,1,22,67.524208,77.944214,9
51116,85,5,1,25,76.639999,80.949997,19
51116,85,5,2,26,65.919998,71.040001,19
51116,85,5,3,24,74.360001,78.639999,19
51117,48,5,1,26,71.260002,79.040001,12
51117,48,5,2,22,64.57,73.330002,12
51118,62,5,1,32,75.029999,82.160004,23
51118,62,5,2,29,83.24379,77.691032,23
51119,47,5,1,21,59,68.410004,19
51119,47,5,2,26,54.23,67.349998,19
51120,51,5,2,26,58.639999,73.160004,20
51120,51,5,1,25,46.285713,57.476189,20
51121,58,5,1,26,68.129997,86.610001,3
51121,58,5,2,32,78.349998,86.68,3
51122,61,5,1,31,76.589996,81.440002,4
51122,61,5,2,30,93.730003,91.57,4
51124,99,5,1,28,82.220001,86.150002,6
51124,99,5,3,26,78.68,79.839996,6
51124,99,5,2,31,76.277931,79.998276,6
51126,20,5,1,20,85.349998,79.410004,8
51127,44,5,1,22,62.119999,58.810001,15
51127,44,5,2,22,70.950478,75.351997,15
51130,49,5,1,21,66.220001,73.440002,14
51130,49,5,2,19,68.290001,75,14
51132,27,5,1,27,77.269997,85.879997,9
51133,59,5,1,28,77.959999,76.330002,15
51133,59,5,2,31,80.080002,79.800003,15
51135,76,5,2,27,69.150002,83.949997,4
51135,76,5,1,33,80.89286,89.178574,4
51138,32,5,1,32,89.160004,85.230003,5
51145,77,5,1,34,63.209999,69.410004,7
51145,77,5,2,32,69.75,74.370003,7
51147,90,5,1,27,67.830002,74.580002,40
51147,90,5,3,23,60.700001,65.220001,40
51147,90,5,2,26,66.475235,63.524761,40
51157,53,5,1,27,85.790001,90.129997,0
51157,53,5,2,26,84.769997,86.540001,0
51163,75,5,1,40,79.080002,82.739998,4
51163,75,5,2,35,83,88.93,4
51164,89,5,2,32,67.410004,75.870003,13
51164,89,5,3,29,71.93,74.540001,13
51164,89,5,1,28,71.029999,77.599289,13
51165,52,5,1,27,83.419998,82.459999,20
51165,52,5,2,25,65.309998,76.709999,20
51166,50,5,1,28,77.879997,79.419998,3
51166,50,5,2,22,68.5,78.089996,3
51167,59,5,1,30,78.769997,82.769997,10
51167,59,5,2,29,75.139999,67.760002,10
51172,69,5,1,28,66.919998,83.25,6
51172,69,5,2,29,74.32,76.730003,6
51178,40,5,1,29,67.360001,75.199997,20
51179,39,5,1,19,66.330002,73.709999,5
51179,39,5,2,20,59.5,69.889999,5
51181,8,5,1,8,45.669998,58,31
51186,62,5,2,29,65.57,76.709999,12
51186,62,5,1,24,77.610435,79.641815,12
51188,65,5,1,32,81.839996,86.25,6
51188,65,5,2,33,78.300003,84.150002,6
51189,17,5,1,17,64,72,17
51190,28,5,1,28,66.150002,86.080002,2
51193,23,5,1,23,52.169998,67.82,27
51194,76,5,2,24,63,76.629997,11
51194,76,5,3,25,56,69.910004,11
51194,76,5,1,27,52.51852,66.883705,11
51199,29,5,1,29,82.480003,87.860001,2
51203,69,5,2,35,57.560001,69.809998,35
51203,69,5,1,34,54.865456,70.138184,35
51208,12,5,1,12,46.5,58.830002,28
51244,50,5,1,27,70.559998,81.959999,1
51244,50,5,2,23,69.391304,84.130432,1
51246,79,5,1,35,78.800003,82.370003,4
51246,79,5,2,35,83.510002,79.050003,4
51247,59,5,2,21,75.349998,79,5
51247,59,5,1,38,85.430954,84.523811,5
51255,118,5,1,40,62.16,74.889999,9
51255,118,5,2,40,61.380001,71.349998,9
51256,79,5,1,40,61.080002,68.889999,10
51256,79,5,2,39,60.41,73.129997,10
51257,106,5,2,30,63.860001,73.519997,20
51257,106,5,3,39,62.59,74.349998,20
51257,106,5,1,37,54.063713,65.370575,20
51259,90,5,1,29,69.309998,78.879997,4
51259,90,5,3,30,79.959999,75.440002,4
51259,90,5,2,31,69.828278,76.766899,4
51263,33,5,1,33,71.82,79.389999,2
51266,122,5,1,41,78.919998,82.080002,1
51266,122,5,2,41,80.330002,85.779999,1
51266,122,5,3,40,72.300003,80.199997,1
51267,52,5,1,28,48.790001,56.5,17
51267,52,5,2,24,47.051998,62.157894,17
51269,66,5,1,33,63.939999,75.440002,14
51269,66,5,2,33,69.5,77.269997,14
51273,43,5,2,22,68.110001,78.580002,8
51273,43,5,1,21,67.889999,77.419998,8
51275,83,5,1,32,82.269997,81.5,8
51275,83,5,2,38,88.690002,89.769997,8
51276,82,5,1,28,75.739998,83.410004,14
51276,82,5,2,30,57.139999,68.480003,14
51276,82,5,3,24,48.43,60,14
51277,81,5,1,26,61.779999,68.650002,13
51277,81,5,2,26,55.32,66.480003,13
51277,81,5,3,29,56.970001,65.93,13
51278,79,5,1,29,75.07,79.360001,0
51278,79,5,3,25,75.540001,78.379997,0
51278,79,5,2,25,68.044998,79.199997,0
51279,87,5,1,28,69.5,75.349998,7
51279,87,5,2,28,79.440002,81,7
51279,87,5,3,32,83.87484,80.319351,7
51281,49,5,1,26,62.459999,76.129997,13
51281,49,5,2,23,62.5,70.790001,13
51282,70,5,1,37,64.360001,66.82,12
51282,70,5,2,34,62.099998,72.82,12
51283,87,5,1,30,72.110001,77.629997,15
51283,87,5,2,29,65.209999,72.540001,15
51283,87,5,3,28,63.041248,71.376251,15
51287,99,5,1,33,71.410004,75.860001,7
51287,99,5,2,33,56.59,67.190002,7
51287,99,5,3,33,61,66.720001,7
51288,41,5,1,20,55.75,70.150002,21
51288,41,5,2,21,50.150002,70.699997,21
51289,40,5,1,40,62.470001,67.970001,14
51290,99,5,1,33,80.029999,87.360001,1
51290,99,5,2,33,84.360001,87.18,1
51290,99,5,3,33,80.739998,79.059998,1
51291,77,5,1,31,63.66,72.849998,31
51291,77,5,2,31,49.846668,62.963463,31
51295,47,5,1,26,68.709999,78.540001,3
51295,47,5,2,21,73.190002,80.239998,3
51296,85,5,1,29,66.629997,79.779999,18
51296,85,5,2,26,73.040001,81.230003,18
51296,85,5,3,30,78.400002,85.370003,18
51297,56,5,1,31,59.860001,70.360001,9
51297,56,5,2,25,66.66333,78.246666,9
51298,98,5,1,33,56.630001,73.330002,8
51298,98,5,2,30,69.089996,76.550003,8
51298,98,5,3,35,51.93,69.440002,8
51299,59,5,1,30,70.75,77.75,3
51299,59,5,2,29,73.379997,79.519997,3
51300,71,5,1,35,57.66,72.110001,5
51300,71,5,2,36,61.790001,67.82,5
51302,76,5,1,38,63.16,72.779999,10
51302,76,5,2,38,73.419998,77.169998,10
51303,95,5,2,33,67.059998,74.940002,13
51303,95,5,3,29,56.709999,71.93,13
51303,95,5,1,34,78.625557,84.636467,13
51304,92,5,2,28,64.550003,71.050003,15
51304,92,5,4,12,68.959999,80.790001,15
51304,92,5,3,29,69.885384,72.214073,15
51305,45,5,1,23,76.32,85.089996,1
51305,45,5,2,22,76.519997,80.620003,1
51307,80,5,1,26,85.290001,84.580002,0
51307,80,5,2,29,83,87.849998,0
51307,80,5,3,25,86.839996,85.639999,0
51308,34,5,1,27,55.68,69.760002,14
51309,94,5,1,32,64.870003,75.709999,5
51309,94,5,2,32,79,81.410004,5
51309,94,5,3,30,71.93,77.07,5
51310,79,5,1,28,52.52,68.919998,14
51310,79,5,2,24,38.830002,61.09,14
51310,79,5,3,27,45.23,57.459999,14
51311,108,5,2,36,59.75,73.580002,5
51311,108,5,3,36,56.369999,73.550003,5
51311,108,5,1,36,78.372498,81.184196,5
51312,54,5,1,27,64.550003,69.050003,23
51312,54,5,2,27,65.129997,75.300003,23
51313,84,5,1,29,65.269997,77.699997,9
51313,84,5,2,30,67.769997,77.370003,9
51313,84,5,3,25,61.919998,74.239998,9
51314,119,5,1,41,68.239998,74.629997,11
51314,119,5,2,40,65.550003,75.349998,11
51314,119,5,3,38,66.220001,75.190002,11
51315,80,5,2,40,59.540001,70.739998,9
51315,80,5,1,40,58.473499,75.147003,9
51316,46,5,1,22,77.730003,81.860001,2
51316,46,5,2,24,77,84.330002,2
51317,74,5,1,37,70.730003,75.160004,8
51317,74,5,2,37,70.540001,77.089996,8
51318,92,5,2,30,82.290001,86,4
51318,92,5,3,29,76.660004,75.18,4
51318,92,5,1,33,74.130478,82.331429,4
51319,70,5,1,28,66.519997,69.959999,8
51319,70,5,2,31,70.309998,74.43,8
51320,118,5,1,39,63.669998,75.540001,5
51320,118,5,2,39,66.779999,75.639999,5
51320,118,5,3,40,58.950001,66.370003,5
51322,45,5,1,22,70.57,80.379997,1
51322,45,5,2,23,86.040001,90.43,1
51323,41,5,1,41,85.910004,89.269997,2
51324,93,5,1,32,60.139999,70.32,10
51324,93,5,2,31,58.970001,72.769997,10
51324,93,5,3,30,70.18,75.43,10
51330,114,5,1,38,56.779999,64.220001,8
51330,114,5,2,38,65.550003,71.550003,8
51330,114,5,3,38,74.410004,73.940002,8
51331,85,5,1,37,78.940002,84.410004,6
51331,85,5,2,39,79.053848,83.663589,6
51332,107,5,1,35,76.209999,78.589996,4
51332,107,5,2,36,72.529999,76.580002,4
51332,107,5,3,36,69,77.080002,4
51333,119,5,1,36,71.32,75.120003,6
51333,119,5,2,34,75.610001,80.480003,6
51333,119,5,3,38,76,78.029999,6
51334,119,5,1,39,74.910004,86.82,0
51334,119,5,2,38,72.879997,86.790001,0
51334,119,5,3,42,78.279999,84.970001,0
51335,72,5,2,36,71.529999,79.5,3
51335,72,5,1,36,70.470001,76.5,3
51338,80,5,1,39,52.389999,62.860001,12
51338,80,5,2,41,53.740002,65.099998,12
51339,71,5,1,39,82.050003,83.25,18
51339,71,5,2,34,69.330002,76.779999,18
51340,67,5,1,23,76.860001,77.589996,8
51340,67,5,2,24,66.269997,71.18,8
51340,67,5,3,20,69.342667,72.870667,8
51341,85,5,1,29,69.110001,73.410004,10
51341,85,5,2,28,63.540001,75.32,10
51341,85,5,3,28,79.330002,81.769997,10
51346,99,5,1,33,56.650002,63.939999,13
51346,99,5,2,33,55.68,57.970001,13
51346,99,5,3,33,57.48,64.290001,13
51347,154,5,1,38,65,67.489998,4
51347,154,5,2,39,60.360001,74.82,4
51347,154,5,3,40,64.360001,70.050003,4
51347,154,5,4,37,68.760002,71.510002,4
51352,118,5,1,39,82.059998,83.290001,3
51352,118,5,2,39,82.629997,84.25,3
51352,118,5,3,40,79.870003,81.68,3
51353,70,5,2,34,56.790001,73.849998,9
51353,70,5,1,36,65.337578,70.030647,9
51354,104,5,1,34,65.5,73.690002,6
51354,104,5,2,35,60.360001,70.910004,6
51354,104,5,3,35,57.276363,74.420906,6
51356,27,5,1,27,56.119999,69.730003,23
51360,99,5,1,30,71.970001,80.230003,3
51360,99,5,3,35,72.709999,77.489998,3
51360,99,5,2,33,74.41552,79.550003,3
51361,74,5,1,37,65.790001,76.760002,5
51361,74,5,2,37,72.43,81.300003,5
51364,63,5,1,31,73.300003,76.169998,9
51364,63,5,2,32,73.610001,77.57,9
51365,68,5,1,34,70.220001,85.970001,0
51365,68,5,2,34,75.779999,88.029999,0
51367,12,5,1,12,64.419998,74,24
51368,66,5,1,32,77.800003,88.07,1
51368,66,5,2,34,79.629997,89.339996,1
51369,76,5,1,23,56.959999,69.730003,10
51369,76,5,2,27,63.419998,68.150002,10
51369,76,5,3,26,53.330002,69.620003,10
51371,142,5,1,37,76.760002,75.589996,4
51371,142,5,2,37,69.459999,77.940002,4
51371,142,5,3,38,73.830002,77.370003,4
51371,142,5,4,30,72.279999,73.18,4
51372,106,5,1,34,57.16,71.389999,9
51372,106,5,2,37,70.139999,77.080002,9
51372,106,5,3,35,65.879997,75.349998,9
51375,28,5,1,28,54.52,57.59,16
51412,37,5,1,37,66.970001,71.779999,3
61001,55,5,1,28,62,63.59,45
61001,55,5,2,27,56.959999,72.879997,45
61003,69,5,1,29,66.32,78.639999,10
61003,69,5,2,26,62.459999,73.230003,10
61004,18,5,1,18,70.760002,73.879997,14
61005,49,5,1,38,66.580002,76.18,26
61006,24,5,1,24,67.480003,64.050003,33
61007,44,5,1,36,68.860001,71.800003,32
61008,33,5,1,24,58.09,74.139999,50
61009,88,5,1,41,63.18,76.209999,15
61009,88,5,2,40,60.853714,75.795998,15
61012,61,5,1,29,71.790001,80.760002,7
61012,61,5,2,32,69,77.339996,7
61013,36,5,2,18,64.220001,64.110001,32
61013,36,5,1,18,67.779999,67.889999,32
61016,61,5,1,30,69.959999,69,28
61016,61,5,2,31,66.879997,68.169998,28
61018,66,5,1,34,76.550003,79.849998,14
61018,66,5,2,32,65.5,78.559998,14
61019,30,5,1,30,75.290001,78.07,44
61020,72,5,2,31,55.84,66.769997,48
61020,72,5,1,30,66.515862,69.271004,48
61021,110,5,1,30,62.169998,76.769997,4
61021,110,5,2,34,63,71.209999,4
61021,110,5,3,31,63.85862,80.499001,4
61022,13,5,1,12,67.849998,72.919998,1
61023,89,5,1,32,58.48,73.830002,23
61023,89,5,3,29,60.27,73.669998,23
61023,89,5,2,32,55.484829,71.512962,23
61024,89,5,1,35,58.630001,79,20
61024,89,5,2,28,61.959999,75.959999,20
61024,89,5,3,27,58.889999,67.669998,20
61025,62,5,2,33,65.550003,65.790001,23
61025,62,5,1,32,60.274139,70.464996,23
61026,55,5,1,28,62.639999,63.68,31
61026,55,5,2,28,52.790001,59.779999,31
61027,69,5,1,35,57.290001,62.380001,31
61027,69,5,2,36,53.540001,61.57,31
61030,57,5,1,28,70.959999,72.410004,15
61030,57,5,2,29,68.32,73.860001,15
61031,38,5,1,38,66.589996,66.830002,28
61032,109,5,1,28,58.799999,66.459999,17
61032,109,5,2,30,63.790001,69.18,17
61032,109,5,3,28,56.43,60.369999,17
61033,93,5,1,33,59.709999,66.220001,10
61033,93,5,2,32,64.550003,64.889999,10
61033,93,5,3,33,54.080002,59.310001,10
61035,23,5,1,22,51.59,70.900002,38
61037,73,5,1,31,61.639999,72.720001,20
61037,73,5,2,42,66.18,80.870003,20
61038,47,5,1,25,64.949997,69.18,40
61038,47,5,2,22,56.049999,65.860001,40
61040,21,5,1,21,47.220001,57.889999,53
61042,31,5,1,23,55.880001,66.330002,45
61047,20,5,1,20,70.830002,76.889999,36
61049,98,5,1,33,69.970001,77.900002,2
61049,98,5,2,30,65.220001,78.730003,2
61049,98,5,3,31,64.93,78.480003,2
61055,62,5,2,29,68.879997,79.18,9
61055,62,5,1,33,71.087059,82.766472,9
61058,57,5,1,29,79.360001,74.290001,32
61058,57,5,2,28,61.75,68.800003,32
61063,21,5,1,21,59.860001,70.050003,0
61064,14,5,1,14,77.199997,82.669998,1
61065,24,5,1,24,74.879997,87.169998,1
61070,101,5,2,31,49,57.810001,35
61070,101,5,3,31,40.66,60.310001,35
61070,101,5,1,31,45.840771,61.844231,35
61073,68,5,1,29,77.57,82,30
61073,68,5,2,29,80.809998,77.419998,30
61074,92,5,1,24,73.230003,74.910004,5
61074,92,5,2,28,73.75,78.919998,5
61074,92,5,3,28,73.129997,76.5,5
61077,24,5,1,23,67,71,34
61079,52,5,1,28,75.559998,79.239998,12
61079,52,5,2,28,67.139999,72.860001,12
61080,25,5,1,25,64.139999,80.699997,2
61081,15,5,1,15,75.830002,80.169998,2
61084,27,5,1,27,63.849998,79.919998,3
61085,55,5,1,24,72.68,80.839996,25
61085,55,5,2,31,73.26667,81.133331,25
61089,66,5,1,32,65.970001,76.849998,4
61089,66,5,2,34,65.290001,73.910004,4
61093,59,5,2,24,41.299999,67.910004,50
61093,59,5,1,26,50.324001,64.242798,50
61095,26,5,1,26,65.830002,78.5,5
61101,62,5,2,32,71.279999,77,24
61101,62,5,1,32,64.195198,70.519997,24
61102,66,5,1,31,76.410004,81.370003,17
61102,66,5,2,31,73.5,83.93,17
61103,69,5,1,35,65.059998,71.43,54
61103,69,5,2,34,62.66,74.339996,54
61104,34,5,1,20,66.639999,76.449997,35
61104,34,5,2,14,50.580002,65.220001,35
61105,80,5,1,36,61.549999,64.68,24
61105,80,5,2,35,61.849998,71.529999,24
61106,62,5,2,25,47,61.630001,46
61106,62,5,1,35,62.967743,71.157417,46
61108,13,5,1,13,62.790001,80,0
61116,42,5,1,42,66.230003,58.029999,38
61117,41,5,1,23,73.050003,77.82,52
61117,41,5,2,18,45.630001,58.060001,52
61121,28,5,1,22,55,68,32
61124,20,5,1,20,52.16,64,58
61136,36,5,1,36,76.199997,85.050003,27
61137,51,5,1,24,59.740002,71.089996,35
61137,51,5,2,26,48.049999,68.629997,35
61138,72,5,1,30,58.669998,55.84,31
61138,72,5,2,12,58.240002,65.040001,31
61139,28,5,1,28,58.040001,67.559998,49
61140,36,5,1,34,51.189999,64.57,25
61141,47,5,2,23,50.5,66.589996,52
61141,47,5,1,27,63.217392,73.410004,52
61142,27,5,2,9,49.669998,46,51
61143,110,5,2,33,72.580002,75.480003,21
61143,110,5,3,33,64.559998,70,21
61143,110,5,4,12,72.330002,77.839996,21
61145,65,5,1,33,64.300003,78,6
61145,65,5,2,32,59.551613,80.068962,6
61149,62,5,1,32,65.889999,64.330002,37
61149,62,5,2,31,52,57.330002,37
61150,38,5,1,38,50.349998,64.849998,46
61151,42,5,1,20,63.369999,69.629997,42
61151,42,5,2,22,73.139999,75.760002,42
61152,30,5,1,30,70.129997,78.209999,32
61156,15,5,1,15,53,59,67
61157,60,5,1,32,68.309998,75.379997,10
61157,60,5,2,34,74.07,71.43,10
61163,53,5,2,21,70.940002,71.220001,51
61163,53,5,1,22,61.958183,63.547272,51
61165,56,5,1,28,54.110001,69.260002,60
61165,56,5,2,29,43.68,37.810001,60
61169,50,5,1,24,61,74.169998,25
61169,50,5,2,24,68.879997,77.949997,25
61171,19,5,1,19,76.629997,84.790001,2
61172,38,5,1,38,60,71,43
61173,9,5,1,9,55.599998,66.559998,36
61174,55,5,1,28,62.16,70.599998,13
61174,55,5,2,29,65.830002,71.419998,13
61178,57,5,1,21,62.279999,68.830002,52
61178,57,5,2,25,50.919998,66.360001,52
61179,88,5,2,29,62.540001,66.32,21
61179,88,5,3,31,75.82,74.230003,21
61179,88,5,1,28,71.766151,78.963844,21
61183,85,5,1,28,72.889999,81.43,11
61183,85,5,3,30,73.230003,81.459999,11
61183,85,5,2,29,70.037933,74.448273,11
61186,60,5,1,30,72.169998,81.900002,4
61186,60,5,2,30,78.629997,80.370003,4
61188,56,5,1,25,55.240002,74.330002,20
61188,56,5,2,25,63.830002,70.82,20
61190,36,5,1,36,60.150002,58.07,44
61193,68,5,2,36,54.630001,59.810001,17
61193,68,5,1,35,59.675808,62.228386,17
61196,49,5,1,27,62.32,67.169998,23
61196,49,5,2,28,51.709999,64.699997,23
61197,56,5,1,21,48.91,63.040001,42
61197,56,5,2,24,45.049999,56.549999,42
61198,16,5,1,16,73.5,82.129997,0
61199,43,5,2,22,70.050003,67.650002,46
61199,43,5,1,21,52.529411,66.235291,46
61202,82,5,1,36,73.540001,78.029999,19
61202,82,5,2,32,74.5,79.410004,19
61203,31,5,1,19,41,64,52
61204,71,5,1,28,67,69.959999,17
61204,71,5,2,29,75.360001,77.139999,17
61205,55,5,2,27,43.880001,52.27,35
61205,55,5,1,28,46,61.392143,35
61209,30,5,1,30,62.919998,75.849998,3
61211,22,5,1,21,62.419998,69.629997,53
61213,48,5,1,23,66.610001,80.959999,0
61213,48,5,2,23,61.860001,81.099998,0
61218,30,5,1,29,51.860001,54.450001,43
61219,74,5,1,31,62.669998,75,5
61219,74,5,2,32,51.139999,70.25,5
61220,21,5,1,21,71.650002,65.150002,48
61221,102,5,2,29,57.459999,68.18,26
61221,102,5,3,28,57.330002,65.75,26
61221,102,5,1,31,59.040001,69.632004,26
61223,42,5,1,21,55.889999,68.790001,24
61223,42,5,2,22,59.209999,68,24
61224,56,5,1,29,64.610001,74.5,1
61224,56,5,2,27,59.959999,73.230003,1
61227,53,5,1,29,62.709999,58.220001,33
61227,53,5,2,28,54.844799,63.906364,33
61228,57,5,1,29,70.139999,66.459999,17
61228,57,5,2,29,67.360001,75.480003,17
61231,37,5,1,37,65.559998,78.690002,23
61232,48,5,1,23,70,78.57,12
61232,48,5,2,25,67.379997,77.629997,12
61233,109,5,1,36,64.57,72.589996,8
61233,109,5,3,36,63.389999,71.830002,8
61233,109,5,2,38,66.921318,77.407028,8
61235,25,5,1,21,53.130001,74.529999,19
61237,95,5,2,32,57,70.720001,8
61237,95,5,3,32,56.779999,73.470001,8
61237,95,5,1,32,54.220001,65.809998,8
61238,48,5,1,23,55.290001,68,26
61238,48,5,2,25,60.709999,70.040001,26
61239,71,5,1,34,56,61.5,26
61239,71,5,2,36,58.139999,69.309998,26
61240,54,5,2,20,55.580002,70.629997,44
61240,54,5,1,21,50.419998,61.369999,44
61243,23,5,1,22,56.43,61.48,66
61244,100,5,2,32,71.480003,77.029999,22
61244,100,5,3,8,60.099998,69.07,22
61244,100,5,1,30,69.186432,75.751427,22
61246,25,5,1,25,42.59,50.860001,59
61248,62,5,1,31,57.740002,65.07,19
61248,62,5,2,34,57.580002,57.259998,19
61251,59,5,1,30,57.77,69.699997,27
61251,59,5,2,29,59.93,66.459999,27
61252,96,5,2,26,70.239998,76.660004,42
61252,96,5,3,29,64.769997,67.769997,42
61252,96,5,1,29,68.731537,74.14769,42
61253,74,5,1,37,61.060001,68.410004,16
61253,74,5,2,37,70.669998,74.290001,16
61254,54,5,1,32,57.630001,73.779999,10
61254,54,5,2,32,60.240002,74.760002,10
61255,69,5,1,35,68.099998,73.730003,23
61255,69,5,2,35,65.96875,82.003128,23
61256,67,5,1,35,78.470001,76.940002,5
61256,67,5,2,32,73.470001,77.800003,5
61261,63,5,2,30,47.240002,61.330002,23
61261,63,5,1,33,54.407501,60.726898,23
61262,61,5,1,30,54.16,71.459999,13
61262,61,5,2,30,59.259998,70.040001,13
61265,43,5,2,22,71.470001,79.839996,36
61265,43,5,1,21,70.503891,74.00222,36
61269,89,5,1,28,67.68,71.080002,10
61269,89,5,2,30,60.830002,72.040001,10
61269,89,5,3,29,63.560001,74.410004,10
61270,9,5,1,9,70.5,82.629997,0
61271,21,5,1,15,57.93,66.209999,34
61274,45,5,1,27,59.91,69.519997,16
61277,62,5,1,32,54.900002,68.309998,24
61277,62,5,2,32,55.720001,61.220001,24
61278,77,5,1,31,66.610001,75.68,15
61278,77,5,2,33,67.341248,74.32,15
61284,68,5,1,35,69.5,71.900002,25
61284,68,5,2,34,75.029999,74.919998,25
61290,48,5,2,25,60.139999,67.139999,29
61290,48,5,1,23,52.040001,64.909569,29
61291,194,5,1,40,58.049999,66.550003,8
61291,194,5,2,40,60.540001,75.830002,8
61291,194,5,3,39,64.860001,78.029999,8
61291,194,5,5,39,61.860001,78.410004,8
61291,194,5,4,37,64.688377,71.047943,8
61292,43,5,1,22,48.200001,61.700001,49
61292,43,5,2,21,63.830002,72.389999,49
61293,71,5,1,31,62.169998,74.209999,7
61293,71,5,2,35,57.450001,76.550003,7
61294,47,5,1,23,64.830002,78,36
61294,47,5,2,24,59.959999,81.5,36
61297,78,5,1,34,65.970001,67.379997,23
61297,78,5,2,34,58.970001,70.199997,23
61298,73,5,1,31,77.099998,74.830002,7
61298,73,5,2,28,68.60714,66.896431,7
61299,28,5,1,20,37.75,56.75,19
61300,65,5,1,33,53.959999,64.120003,12
61300,65,5,2,30,46.040001,56.209999,12
61305,30,5,1,29,58.040001,61.279999,44
61308,42,5,1,28,58.389999,70.610001,40
61311,68,5,1,33,57.549999,64.230003,25
61311,68,5,2,35,68.279686,63.77,25
61312,34,5,1,34,52.119999,58.84,41
61314,22,5,1,22,63.220001,73.779999,36
61316,72,5,1,35,73.900002,77.190002,9
61316,72,5,2,28,81.370003,83.260002,9
61317,52,5,2,28,75.779999,79.93,5
61317,52,5,1,26,61.677601,71.7556,5
61318,28,5,1,28,64,66.879997,54
61320,79,5,1,39,62.470001,74.839996,11
61320,79,5,2,40,71.652435,75.164322,11
61321,64,5,1,34,44.169998,55.970001,35
61321,64,5,2,31,44.709999,62.150002,35
61325,49,5,2,24,71.040001,74.220001,17
61325,49,5,1,25,74.878334,71.830833,17
61326,46,5,1,23,72.349998,79.769997,18
61326,46,5,2,23,71.699997,79.239998,18
61327,71,5,1,36,68.599998,80.769997,5
61327,71,5,2,35,72.529999,79.68,5
61329,100,5,1,34,74.470001,69.379997,16
61329,100,5,3,33,71.580002,70.760002,16
61329,100,5,2,33,66.844849,76.19355,16
61331,53,5,1,27,67.129997,75.580002,8
61331,53,5,2,28,67.709999,74.379997,8
61332,35,5,1,35,45,65,7
61334,15,5,1,15,69.5,84.599998,3
61335,54,5,1,26,63.700001,72.699997,30
61335,54,5,2,28,53.810001,65.779999,30
61338,61,5,1,31,52.099998,60.939999,12
61338,61,5,2,30,55.900002,71.730003,12
61339,60,5,1,24,59.43,72,36
61339,60,5,2,27,54.448502,69.949997,36
61340,142,5,1,32,61.889999,74.480003,15
61340,142,5,2,34,67.739998,76,15
61340,142,5,3,35,68.169998,81.220001,15
61340,142,5,4,30,67.769997,75.769997,15
61341,76,5,1,39,70.760002,74.260002,2
61341,76,5,2,39,72.970001,80.540001,2
61343,32,5,1,32,69.059998,75.629997,21
61344,27,5,1,27,93.269997,85.769997,4
61345,14,5,1,14,64.599998,78.199997,16
61346,76,5,1,39,69.18,79.610001,5
61346,76,5,2,38,79.82,80.029999,5
61347,17,5,1,16,49,63,65
61348,31,5,1,31,88.720001,90.139999,3
61349,34,5,1,34,66.150002,71.82,34
61350,28,5,1,28,71,79,20
61351,19,5,1,19,68.470001,81.290001,26
61363,27,5,1,27,70.269997,79.360001,22
61364,70,5,1,38,70.099998,77.360001,0
61364,70,5,2,32,69.529999,81.529999,0
61365,20,5,1,20,50.369999,61.580002,60
