"store_id","interview","chain","co_owned","state","southj","centralj","northj","pa1","pa2","shore","pct_aff","type","status","date","ncalls","full_time","part_time","managers","wage_st","inc_time","first_inc","special","meals","open_hr","hrs_open","p_soda","p_fry","p_entree","n_regs","n_regs11","bonus","pa","nj"
1,1,1,0,1,0,1,0,0,0,0,80,NA,NA,NA,0,16,30,4,4.5,NA,0.25,NA,3,7,16,0.93000001,0.82999998,0.85000002,4,3,0,0,1
1,2,1,0,1,0,1,0,0,0,0,80,1,1,110592,0,20,40,4,5.0500002,NA,NA,0,2,7,16,1.05,0.79000002,0.89999998,4,3,NA,0,1
2,1,1,0,1,0,1,0,0,0,0,80,NA,NA,NA,0,10,6,3,4.75,26,0.5,NA,1,7,14,1.0599999,0.91000003,0.95999998,2,2,1,0,1
2,2,1,0,1,0,1,0,0,0,0,80,1,1,110592,0,7.5,10,3,5.25,19,0.38,1,1,7,15,1.05,1.01,0.94,2,2,NA,0,1
3,1,2,0,1,0,1,0,0,0,0,50,NA,NA,NA,3,6,13,3,4.25,13,0.25,NA,2,11,10,1.0599999,0.94999999,3.0899999,5,3,1,0,1
3,2,2,0,1,0,1,0,0,0,0,50,1,1,111792,2,4,7,3,5.0500002,26,0.25,0,1,11,11,1.05,0.94,2.75,5,3,NA,0,1
4,1,3,0,1,0,1,0,0,0,0,50,NA,NA,NA,0,10,12,3,4.75,4,0.25,NA,2,9,12.5,1.0599999,1,2.1300001,8,4,0,0,1
4,2,3,0,1,0,1,0,0,0,0,50,1,1,110592,0,5,30,4,5.0500002,26,0.28,0,2,8,13.5,1.22,1.37,0.88999999,6,4,NA,0,1
5,1,3,0,1,0,1,0,0,0,0,NA,NA,NA,NA,0,5,30,4,4.5,13,0.17,NA,1,6,17,0.94999999,NA,2.1300001,5,4,0,0,1
5,2,3,0,1,0,1,0,0,0,0,NA,1,1,111892,2,10,30,4,5.1500001,4,0.18000001,0,2,6,17,1.05,0.94,0.94,5,5,NA,0,1
6,1,3,1,1,0,1,0,0,0,0,100,NA,NA,NA,2,2,2,2,5,13,0.25,NA,1,11,7,1.2,1.17,2.3499999,4,2,0,0,1
6,2,3,1,1,0,1,0,0,0,0,100,1,1,111792,1,5,2,2,5.0500002,13,0.15000001,0,1,10,8,1.11,1.01,2.23,4,2,NA,0,1
8,1,4,0,1,0,1,0,0,0,0,NA,NA,NA,NA,0,NA,25,4,4.8000002,NA,0.15000001,NA,1,10.5,12,1.02,0.91000003,2.28,2,1,0,0,1
8,2,4,0,1,0,1,0,0,0,0,NA,1,1,110592,0,15,25,3,5.0500002,26,0.33000001,0,2,10,13,1.01,1.01,0.94,2,2,NA,0,1
9,1,1,0,1,0,1,0,0,0,0,35,NA,NA,NA,2,12,40,4,4.3699999,26,0.15000001,NA,2,7,16,1.04,0.67000002,0.85000002,4,4,0,0,1
9,2,1,0,1,0,1,0,0,0,0,35,1,1,110592,0,0,32,4,5.0500002,26,0.13,0,2,7,16,1.11,0.92000002,1.01,4,3,NA,0,1
10,1,1,0,1,0,1,0,0,0,0,80,NA,NA,NA,0,15,20,4,4.25,39,0.17,NA,2,7,16,1.04,0.85000002,0.85000002,3,3,0,0,1
10,2,1,0,1,0,1,0,0,0,0,80,1,1,110592,0,15,15,4,5.0500002,4,0.28,0,2,7,16,0.94,0.87,0.94,3,2,NA,0,1
11,1,1,0,1,0,1,0,0,0,0,80,NA,NA,NA,2,10,30,4,4.25,26,0.1,NA,2,7,16,1.09,0.88999999,0.91000003,3,3,0,0,1
11,2,1,0,1,0,1,0,0,0,0,80,1,1,111792,1,12,24,3,5.0500002,NA,NA,0,2,7,16,1.05,0.87,0.94,3,2,NA,0,1
12,1,1,0,1,0,1,0,0,0,0,100,NA,NA,NA,0,6.5,23.5,3,4.3699999,9,0.1,NA,2,7,16,1.05,0.79000002,0.91000003,3,3,0,0,1
12,2,1,0,1,0,1,0,0,0,0,100,1,1,111892,3,15,15,4,5.0500002,26,0.25,0,3,7,16,1.01,0.92000002,0.94,3,2,NA,0,1
13,1,2,0,1,0,1,0,0,0,0,100,NA,NA,NA,0,0,25,3,4.5,7,0.25,NA,2,11,10,1.0599999,0.94999999,2.6600001,5,4,0,0,1
13,2,2,0,1,0,1,0,0,0,0,100,1,1,111792,1,2,11,3,5,13,0.25,0,1,11,11,1.01,0.94,2.75,4,3,NA,0,1
14,1,2,0,1,0,1,0,0,0,0,0,NA,NA,NA,0,10,8,2,5.1199999,6,0.25,NA,3,11,11,1.0599999,0.85000002,2.49,6,5,0,0,1
14,2,2,0,1,0,1,0,0,0,0,0,1,1,110592,0,4,17,3,5.0500002,13,0.25,1,2,11,11,1.05,0.94,2.5999999,6,3,NA,0,1
15,1,3,0,1,0,1,0,0,0,0,95,NA,NA,NA,3,3,25,4,4.5999999,9,0.15000001,NA,2,6,17,1.02,0.98000002,0.94999999,5,4,1,0,1
15,2,3,0,1,0,1,0,0,0,0,95,2,1,121092,5,5,20,3,5.0500002,NA,0.25,0,2,6,17,1.05,1.01,2,3,3,NA,0,1
16,1,3,0,1,0,1,0,0,0,0,50,NA,NA,NA,0,6,22,4,4.5,13,0.25,NA,2,6,17,1,1,NA,5,5,0,0,1
16,2,3,0,1,0,1,0,0,0,0,50,1,1,110592,0,7,17,3,5.0500002,19,0.25,0,2,6,17,1.05,1.01,0.94,5,5,NA,0,1
17,1,3,0,1,0,1,0,0,0,0,60,NA,NA,NA,0,0,20,4,4.3699999,13,0.25,NA,2,6,17,1.0599999,1,2.02,6,5,0,0,1
17,2,3,0,1,0,1,0,0,0,0,60,1,1,111692,1,4,35,4,5.0500002,13,0.2,0,2,6,17,1.05,0.94,0.94999999,6,5,NA,0,1
18,1,3,0,1,0,1,0,0,0,0,50,NA,NA,NA,2,15,25,3,4.25,13,NA,NA,2,6,17,NA,NA,NA,4,4,0,0,1
18,2,3,0,1,0,1,0,0,0,0,50,1,1,110592,0,8,38,5,5.0500002,NA,0.25,1,2,6,17,1.05,1,0.63,7,7,NA,0,1
19,1,1,0,1,1,0,0,0,0,0,50,NA,NA,NA,3,4,31,4,4.25,4,0.25,NA,2,6,16,1.05,0.91000003,0.93000001,3,3,0,0,1
19,2,1,0,1,1,0,0,0,0,0,50,1,1,110592,0,6,44,5,5.0500002,52,0.30000001,0,2,6,16,1.04,0.93000001,0.94999999,2,2,NA,0,1
21,1,2,0,1,1,0,0,0,0,0,90,NA,NA,NA,0,5,12,3,4.4499998,6,0.1,NA,2,10.5,10.5,1.0599999,0.80000001,2.1300001,3,3,0,0,1
21,2,2,0,1,1,0,0,0,0,0,90,1,1,111492,1,0,11,2,5.0500002,NA,NA,0,2,11,10,0.94,0.94,2.4300001,3,3,NA,0,1
22,1,3,0,1,1,0,0,0,0,0,90,NA,NA,NA,2,3,15,4,4.3499999,26,0.12,NA,2,7,16,1.0599999,0.83999997,0.94999999,4,1,0,0,1
22,2,3,0,1,1,0,0,0,0,0,90,1,1,110592,0,3,15,2,5.0500002,19,0.13,0,2,7,15,1.05,1.05,0.94,4,4,NA,0,1
23,1,1,0,1,0,0,1,0,0,0,75,NA,NA,NA,2,0,25,3,4.5,26,0.12,NA,2,7,16,1.0599999,0.94999999,0.94999999,3,2,0,0,1
23,2,1,0,1,0,0,1,0,0,0,75,1,1,111792,1,14,14,3,5.0500002,NA,NA,0,1,6.5,16.5,1.05,0.94,0.94,3,2,NA,0,1
24,1,1,0,1,0,1,0,0,0,0,40,NA,NA,NA,2,15,15,4,4.75,13,0.25,NA,2,7,16,1.0599999,0.94999999,1.01,4,3,1,0,1
24,2,1,0,1,0,1,0,0,0,0,40,2,1,122192,3,15,20,4,5.0500002,52,0.15000001,0,2,NA,NA,1.05,0.94,1,4,3,NA,0,1
26,1,1,0,1,0,0,1,0,0,0,NA,NA,NA,NA,3,30,15,4,5.5599999,6,NA,NA,2,7,16,1.0599999,0.91000003,0.98000002,4,2,1,0,1
26,2,1,0,1,0,0,1,0,0,0,NA,1,1,111792,2,10,20,4,5.0500002,NA,NA,0,2,7,16,1.01,0.94,0.94,5,4,NA,0,1
27,1,2,1,1,0,1,0,0,0,0,0,NA,NA,NA,2,4,10,4,5,NA,0.37,NA,1,11,10,1.0599999,0.85000002,2.3399999,4,3,0,0,1
27,2,2,1,1,0,1,0,0,0,0,0,1,1,111292,0,0,7,4,5.0500002,26,0.25,0,1,11,10,1.05,0.83999997,2.53,4,3,NA,0,1
28,1,2,0,1,0,0,1,0,0,0,10,NA,NA,NA,6,0,14,1,4.5,NA,0.25,NA,2,11,10,1.0599999,1.17,2.5599999,2,1,0,0,1
28,2,2,0,1,0,0,1,0,0,0,10,1,1,111892,3,6,2,3,NA,NA,NA,0,1,11,10,NA,1.05,2.6400001,3,2,NA,0,1
29,1,2,0,1,0,0,1,0,0,0,NA,NA,NA,NA,3,0,7,2,4.5,4,0.25,NA,2,11,11,1.0599999,1.01,2.5599999,3,2,0,0,1
29,2,2,0,1,0,0,1,0,0,0,NA,1,1,111292,0,0,13,3,5.0500002,26,0.25,0,1,11,11,1.05,1.05,2.6400001,3,3,NA,0,1
30,1,2,0,1,0,0,1,0,0,0,0,NA,NA,NA,4,6,4,2,5,13,0.37,NA,1,11,10,1.0599999,1.0599999,2.53,2,2,0,0,1
30,2,2,0,1,0,0,1,0,0,0,0,1,1,111292,0,4,3,2,5.0500002,19,0.25,1,1,11,10,0.94,0.92000002,2.6900001,2,2,NA,0,1
31,1,2,0,1,0,1,0,0,0,0,0,NA,NA,NA,2,4,16,3,5.25,13,0.15000001,NA,2,11,11,1.03,1.0599999,2.5599999,4,3,0,0,1
31,2,2,0,1,0,1,0,0,0,0,0,1,1,111492,3,6,15,5,5.0500002,26,0.25,0,1,10.5,12.5,1,1.05,2.6400001,4,4,NA,0,1
32,1,3,0,1,0,0,1,0,0,0,40,NA,NA,NA,0,10,20.5,3,4.5,26,0.25,NA,2,10.5,11.5,1.12,1.02,1.0599999,4,3,0,0,1
32,2,3,0,1,0,0,1,0,0,0,40,1,1,111792,1,2,25,3,5.0500002,26,0.23,0,2,10.5,11.5,1.22,1.11,2.28,4,4,NA,0,1
33,1,3,0,1,0,0,1,0,0,0,7,NA,NA,NA,0,12,20,4,5,26,0.25,NA,2,6,17,1.02,1.0700001,0.94999999,5,4,0,0,1
33,2,3,0,1,0,0,1,0,0,0,7,1,1,111392,0,6,11,5,5.0500002,NA,0.2,0,2,6,17,1.11,1.0599999,1.05,4,2,NA,0,1
34,1,3,1,1,0,0,1,0,0,0,75,NA,NA,NA,0,5,15,3,4.9499998,26,NA,NA,2,10.5,11.5,1.12,1.02,1.0599999,5,3,0,0,1
34,2,3,1,1,0,0,1,0,0,0,75,1,1,111392,0,11,7,3,5.0500002,26,0.5,0,2,10.5,11.5,1.22,1.11,0.73000002,5,2,NA,0,1
35,1,4,0,1,0,0,1,0,0,0,NA,NA,NA,NA,2,25,6.5,4,4.5,9,0.25,NA,2,10.5,11.5,0.95999998,0.94999999,2.1300001,2,2,1,0,1
35,2,4,0,1,0,0,1,0,0,0,NA,1,1,111992,6,13,18,3,5.0500002,13,0.25,0,2,10.5,11.5,1.03,NA,NA,2,2,NA,0,1
36,1,4,0,1,0,1,0,0,0,0,0,NA,NA,NA,0,8,12,4,5.5,30,0.17,NA,2,10.5,13,1.02,0.91000003,2.5699999,2,2,1,0,1
36,2,4,0,1,0,1,0,0,0,0,0,1,1,111492,0,10,35,6,5.0500002,26,0.15000001,1,2,10.5,12.5,0.94999999,0.88999999,1.1900001,2,2,NA,0,1
37,1,1,0,0,0,0,0,1,0,0,33,NA,NA,NA,2,21,9,7,4.25,4,0.25,NA,2,6.5,16.5,0.98000002,0.83999997,0.83999997,5,3,0,1,0
37,2,1,0,0,0,0,0,1,0,0,33,1,1,111092,0,6,25,7,4.25,52,0.18000001,0,2,6.5,16.5,0.98000002,0.83999997,0.86000001,6,3,NA,1,0
38,1,1,0,1,0,1,0,0,0,0,100,NA,NA,NA,0,15,20,5,4.25,17,0.15000001,NA,2,6,17,1.05,0.94999999,0.98000002,3,2,0,0,1
38,2,1,0,1,0,1,0,0,0,0,100,1,1,111092,0,10,20,6,5.0500002,NA,0.25,0,3,6.5,17.5,0.98000002,0.81999999,0.75999999,3,2,NA,0,1
39,1,1,0,0,0,0,0,1,0,0,100,NA,NA,NA,0,1,32,2,4.25,8,NA,NA,2,6.5,17.5,1.03,0.73000002,0.51999998,4,2,0,1,0
39,2,1,0,0,0,0,0,1,0,0,100,1,1,111792,0,5,15,3,NA,NA,NA,0,2,6.5,16.5,1.05,NA,0.63,4,2,NA,1,0
40,1,1,0,0,0,0,0,1,0,0,100,NA,NA,NA,0,10,20,7,4.25,4,0.15000001,NA,2,6.5,16.5,0.98000002,0.81999999,0.80000001,3,3,0,1,0
40,2,1,0,0,0,0,0,1,0,0,100,1,1,111092,0,7,25,6,4.25,8,0.13,0,2,6.5,17.5,0.98000002,0.81999999,0.87,3,2,NA,1,0
41,1,1,0,0,0,0,0,1,0,0,100,NA,NA,NA,0,0,27,6,4.25,18,0.2,NA,2,6.5,16.5,0.98000002,0.81999999,0.85000002,3,3,0,1,0
41,2,1,0,0,0,0,0,1,0,0,100,1,1,111892,2,0,42,6,4.25,NA,NA,0,2,6.5,17.5,0.94,0.77999997,0.91000003,3,2,NA,1,0
42,1,1,0,0,0,0,0,1,0,0,100,NA,NA,NA,2,17,4,5,4.5,NA,NA,NA,2,6.5,16.5,0.98000002,0.82999998,0.86000001,3,3,0,1,0
42,2,1,0,0,0,0,0,1,0,0,100,1,1,111792,1,0,22,5,4.25,26,0.25,0,2,6.5,16.5,0.94,NA,NA,3,2,NA,1,0
45,1,1,0,0,0,0,0,1,0,0,25,NA,NA,NA,0,0,24,6,4.25,2,0.25,NA,2,7,16,0.98000002,0.82999998,0.86000001,3,3,0,1,0
45,2,1,0,0,0,0,0,1,0,0,25,1,1,111092,0,11,12,2,4.25,26,0.15000001,0,3,6.5,17.5,0.98000002,0.75,0.86000001,3,3,NA,1,0
46,1,1,0,0,0,0,0,1,0,0,NA,NA,NA,NA,0,30,15,3,NA,19,NA,NA,2,6.5,16.5,1.03,1.03,0.51999998,3,3,1,1,0
46,2,1,0,0,0,0,0,1,0,0,NA,1,1,111792,1,3.5,35,3,4.3000002,26,0.079999998,1,2,6.5,16.5,1.03,NA,0.94,4,4,NA,1,0
47,1,1,0,0,0,0,0,1,0,0,75,NA,NA,NA,2,25,15,NA,4.5,4,0.17,NA,2,6,17,1.05,0.86000001,0.86000001,3,3,0,1,0
47,2,1,0,0,0,0,0,1,0,0,75,1,1,111092,0,0,45,2,4.25,NA,NA,0,2,6,18,1.05,0.86000001,0.86000001,3,NA,NA,1,0
48,1,1,0,0,0,0,0,1,0,0,31,NA,NA,NA,0,6,20,3,4.25,13,0.2,NA,3,7,14,1.01,0.83999997,0.63,4,3,1,1,0
48,2,1,0,0,0,0,0,1,0,0,31,1,1,111092,0,7.5,25,5,4.3800001,13,0.25,1,3,7,14,0.98000002,0.79000002,0.87,4,3,NA,1,0
49,1,2,0,0,0,0,0,1,0,0,NA,NA,NA,NA,0,6.5,6.5,4,NA,26,NA,NA,2,10,13,1.01,0.89999998,2.3499999,4,3,0,1,0
49,2,2,0,0,0,0,0,1,0,0,NA,1,1,111292,0,0,15,4,4.4499998,13,0.050000001,0,2,10,13,1.01,0.88999999,2.3499999,4,4,NA,1,0
50,1,2,0,0,0,0,0,1,0,0,20,NA,NA,NA,0,6,10,3,4.5,13,NA,NA,2,10,12,1.01,0.88999999,3.5,4,3,0,1,0
50,2,2,0,0,0,0,0,1,0,0,20,1,1,111292,0,4,20,3,4.75,13,0.1,0,2,10,13,1.01,0.88999999,2.3499999,4,3,NA,1,0
51,1,2,0,0,0,0,0,1,0,0,100,NA,NA,NA,1,0,15,3,4.25,NA,0.15000001,NA,2,10,13,1.01,0.88999999,2.3499999,4,3,0,1,0
51,2,2,0,0,0,0,0,1,0,0,100,1,1,111792,2,6,15,3,4.25,NA,NA,0,2,10,13,1,0.88999999,2.3499999,5,3,NA,1,0
56,1,4,1,0,0,0,0,1,0,0,0,NA,NA,NA,0,20,20,4,5,26,0.1,NA,2,10,12,0.87,0.81999999,1.79,2,2,1,1,0
56,2,4,1,0,0,0,0,1,0,0,0,1,1,111492,0,0,36,2,5.25,26,0.15000001,0,2,10,12,0.92000002,0.79000002,0.87,2,2,NA,1,0
57,1,4,1,0,0,0,0,1,0,0,70,NA,NA,NA,0,30,10,3,4.6700001,26,0.07,NA,2,10,12,0.87,0.79000002,0.89999998,2,2,1,1,0
57,2,4,1,0,0,0,0,1,0,0,70,1,1,111492,1,7,18,4,4.5,26,0.13,1,2,10,12,1.01,0.77999997,0.89999998,2,2,NA,1,0
58,1,4,1,0,0,0,0,1,0,0,80,NA,NA,NA,2,8,25,3,4.75,26,0.15000001,NA,2,10,12,0.87,0.76999998,1.01,2,2,0,1,0
58,2,4,1,0,0,0,0,1,0,0,80,1,1,111492,2,0,28,4,4.5,26,0.079999998,1,2,10,12,1.04,0.83999997,0.94,2,2,NA,1,0
59,1,4,0,0,0,0,0,1,0,0,90,NA,NA,NA,3,0,15,3,4.25,26,0.1,NA,1,7.5,10.5,0.91000003,0.88999999,0.81,2,2,0,1,0
59,2,4,0,0,0,0,0,1,0,0,90,1,1,111492,1,0,16,4,4.25,26,0.1,0,1,7.5,10.5,1.01,0.83999997,0.86000001,2,2,NA,1,0
60,1,4,0,0,0,0,0,1,0,0,75,NA,NA,NA,0,10,20,5,4.25,4,0.1,NA,1,10.5,11.5,0.94,0.74000001,0.86000001,2,2,0,1,0
60,2,4,0,0,0,0,0,1,0,0,75,1,1,111792,2,10,20,5,4.25,4,0.25,0,1,10,12,0.98000002,0.83999997,0.86000001,2,2,NA,1,0
61,1,4,1,0,0,0,0,1,0,0,0,NA,NA,NA,0,6,26,5,5.5,52,0.15000001,NA,3,10,12,0.87,0.76999998,1.65,2,2,1,1,0
61,2,4,1,0,0,0,0,1,0,0,0,1,1,111492,0,28,3,6,4.75,13,0.15000001,0,2,10,12,1.01,0.83999997,0.94999999,2,2,NA,1,0
62,1,4,1,0,0,0,0,1,0,0,45,NA,NA,NA,2,0,31,5,5,26,0.07,NA,2,10,12,0.87,0.76999998,0.94999999,2,2,0,1,0
62,2,4,1,0,0,0,0,1,0,0,45,1,1,111492,0,NA,NA,NA,NA,26,NA,0,2,10,12,NA,0.83999997,1.79,3,3,NA,1,0
63,1,1,1,1,0,0,1,0,0,0,75,NA,NA,NA,1,26,6,NA,4.25,26,NA,NA,2,6,18,1.1,0.97000003,1.17,4,3,0,0,1
63,2,1,1,1,0,0,1,0,0,0,75,1,1,111792,1,15,10,4,5.0500002,26,0.1,0,2,7,18,1.11,1.01,1.09,4,3,NA,0,1
64,1,1,0,1,0,0,1,0,0,0,60,NA,NA,NA,1,20,15,3,4.5,26,0.2,NA,3,7,16,1.0599999,0.94999999,0.94999999,3,2,0,0,1
64,2,1,0,1,0,0,1,0,0,0,60,1,1,111092,0,13,13,3,5.0500002,26,0.25,0,2,7,16,1.05,0.94999999,0.94999999,3,3,NA,0,1
65,1,1,0,1,0,0,1,0,0,0,90,NA,NA,NA,5,0,20,4,4.8000002,52,0.25,NA,2,6.5,15.5,1.0599999,0.85000002,1.11,3,3,0,0,1
65,2,1,0,1,0,0,1,0,0,0,90,2,2,121592,3,NA,NA,3,5.0500002,NA,NA,NA,NA,NA,NA,NA,NA,NA,NA,NA,NA,0,1
66,1,1,0,1,0,0,1,0,0,0,20,NA,NA,NA,0,15,18,3,4.25,26,0.15000001,NA,2,7,17,1.0599999,0.94999999,0.94999999,3,2,0,0,1
66,2,1,0,1,0,0,1,0,0,0,20,1,1,111092,0,26,10,4,5.0500002,26,0.25,1,1,7,17,1.05,0.94999999,0.94999999,3,3,NA,0,1
67,1,1,0,1,0,0,1,0,0,0,55,NA,NA,NA,0,5,15,6,4.5,13,0.25,NA,1,8,13.5,1.17,1.0599999,1.17,3,2,0,0,1
67,2,1,0,1,0,0,1,0,0,0,55,1,1,111092,0,4,17.5,5,5.0500002,NA,NA,0,1,8,13.5,1.3200001,1.05,1.22,3,3,NA,0,1
68,1,1,0,1,0,0,1,0,0,0,NA,NA,NA,NA,1,30,10,3,4.25,14,0.050000001,NA,3,7,17,1.0700001,1.02,1.02,3,3,0,0,1
68,2,1,0,1,0,0,1,0,0,0,NA,1,1,111092,0,13,17,3,5.0500002,13,0.28,0,3,7,17,1.05,0.94999999,0.94999999,3,1,NA,0,1
69,1,1,0,1,0,0,1,0,0,0,100,NA,NA,NA,0,0,27,3,4.25,13,0.22,NA,2,7,18,1.17,0.94999999,0.94999999,4,2,0,0,1
69,2,1,0,1,0,0,1,0,0,0,100,1,1,111792,0,0,27,3,5.0500002,13,0.2,0,2,7,18,1.26,1.01,1,4,2,NA,0,1
70,1,1,0,1,0,0,1,0,0,0,50,NA,NA,NA,0,35,20,5,4.5,13,0.27000001,NA,1,7,16,1.0599999,0.94999999,1.02,3,3,0,0,1
70,2,1,0,1,0,0,1,0,0,0,50,1,1,111092,0,10,30,5,5.0500002,4,0.23,NA,1,7,16,1.05,0.94999999,1.01,3,3,NA,0,1
71,1,1,0,1,0,0,1,0,0,0,100,NA,NA,NA,1,0,35,3,4.75,13,0.25,NA,3,7,17,1.0599999,0.94999999,0.94999999,3,2,0,0,1
71,2,1,0,1,0,0,1,0,0,0,100,1,1,111692,0,29,14,3,5.0500002,26,0.18000001,1,3,7,17,1.05,0.94999999,0.94999999,3,2,NA,0,1
73,1,2,0,1,0,0,1,0,0,0,40,NA,NA,NA,1,0,7,3,4.25,NA,0.75,NA,3,11,12,1.0599999,1.0599999,2.45,3,2,0,0,1
73,2,2,0,1,0,0,1,0,0,0,40,1,1,111792,2,14,0,3,5.0500002,4,0.050000001,0,2,11,11,1.05,1.05,2.4300001,3,NA,NA,0,1
75,1,2,0,1,0,0,1,0,0,0,0,NA,NA,NA,0,3,15,3,4.25,4,0.25,NA,2,11,11,1.17,1.27,2.77,3,3,0,0,1
75,2,2,0,1,0,0,1,0,0,0,0,1,1,111292,0,4,11,3,5.0500002,6,0.25,1,2,11,11,1.16,1.16,2.75,3,3,NA,0,1
76,1,3,1,1,0,0,1,0,0,0,50,NA,NA,NA,0,8,32,4,4.25,26,0.2,NA,2,6,17,1.12,1.02,1.02,6,3,0,0,1
76,2,3,1,1,0,0,1,0,0,0,50,1,1,111392,0,25,15,6,5.0500002,13,0.15000001,1,2,6.5,16.5,1.11,1.0599999,1.05,6,3,NA,0,1
77,1,3,0,1,0,0,1,0,0,0,100,NA,NA,NA,0,6,50,4,5,4,0.15000001,NA,2,6,19,1.1799999,1.0700001,1.17,6,5,0,0,1
77,2,3,0,1,0,0,1,0,0,0,100,1,1,111992,4,4,60,3,5.0500002,52,0.15000001,0,2,6,19,1.0599999,1.0599999,1.05,6,2,NA,0,1
78,1,3,1,1,0,0,1,0,0,0,0,NA,NA,NA,0,13,10,3,5,26,0.15000001,NA,2,6,17,1.12,1.02,1.02,4,2,0,0,1
78,2,3,1,1,0,0,1,0,0,0,0,1,1,111392,0,10,12,2,5.0500002,26,0.1,0,2,7,16,1.11,1.01,1.05,5,3,NA,0,1
79,1,3,1,1,0,0,1,0,0,0,30,NA,NA,NA,4,6,25,3,4.5,26,0.15000001,NA,2,6,17,1.17,1.02,1.0599999,5,4,0,0,1
79,2,3,1,1,0,0,1,0,0,0,30,1,1,111392,0,8,18,3,5.0500002,41,0.13,0,2,7,16,1.11,1.0599999,1.05,5,4,NA,0,1
80,1,4,0,1,0,0,1,0,0,0,90,NA,NA,NA,1,4.5,20,NA,4.25,26,0.25,NA,2,10.5,11.5,1.0599999,0.98000002,1.0599999,2,2,0,0,1
80,2,4,0,1,0,0,1,0,0,0,90,1,1,111492,2,11,14,3,5.0500002,13,0.1,0,2,10.5,12.5,1.12,0.98000002,0.99000001,2,1,NA,0,1
81,1,4,0,1,0,0,1,0,0,0,95,NA,NA,NA,4,25,13,3,5,26,0.1,NA,2,10,12,1.0599999,0.98000002,1.0599999,2,2,0,0,1
81,2,4,0,1,0,0,1,0,0,0,95,2,1,121592,3,0,45,4,5.0500002,NA,NA,1,2,10.5,11.5,1.11,0.98000002,2.0699999,2,1,NA,0,1
82,1,4,0,1,0,0,1,0,0,0,0,NA,NA,NA,6,8,14.5,3,5,13,0.37,NA,2,10.5,13.5,1.0599999,1.03,1.0599999,2,2,1,0,1
82,2,4,0,1,0,0,1,0,0,0,0,1,1,111492,0,25,8,4,5.0500002,13,0.18000001,1,2,10.5,13.5,1.11,0.98000002,1.05,2,2,NA,0,1
83,1,4,0,1,0,0,1,0,0,0,11,NA,NA,NA,2,12.5,20,2,5,13,0.25,NA,2,10.5,13.5,1.0599999,0.98000002,2.1300001,2,2,0,0,1
83,2,4,0,1,0,0,1,0,0,0,11,1,1,111792,2,NA,NA,4,5.0500002,26,0.5,0,2,10,14,1.11,0.88999999,0.99000001,2,2,NA,0,1
84,1,1,0,1,0,1,0,0,0,0,50,NA,NA,NA,3,4,30,5,4.5,26,0.15000001,NA,2,7,16,1.04,0.85000002,0.91000003,4,2,0,0,1
84,2,1,0,1,0,1,0,0,0,0,50,1,1,111692,0,12,30,5,5.0500002,52,0.2,0,2,7,16,1.05,0.89999998,0.94,3,3,NA,0,1
86,1,1,0,1,0,1,0,0,0,0,NA,NA,NA,NA,1,11,11,4,4.25,13,0.25,NA,3,7,15,1.0599999,0.94,1.1,3,3,0,0,1
86,2,1,0,1,0,1,0,0,0,0,NA,1,1,111092,0,9,12,4,5.0500002,4,0.13,0,3,7,15,1.05,1.05,1.04,3,3,NA,0,1
88,1,1,0,1,1,0,0,0,0,0,75,NA,NA,NA,0,3,35,3,4.25,NA,NA,NA,3,7,15,1.0599999,0.87,0.91000003,5,5,1,0,1
88,2,1,0,1,1,0,0,0,0,0,75,2,1,121892,2,4,37,4,5.0500002,42,0.18000001,0,2,7,15,1.05,0.87,0.94,5,2,NA,0,1
89,1,1,1,1,0,1,0,0,0,0,0,NA,NA,NA,2,10,6,3,5,13,0.17,NA,2,7,16,1.09,0.94999999,1.04,3,2,0,0,1
89,2,1,1,1,0,1,0,0,0,0,0,1,1,111092,0,6,25,6,5.5,4,0.63,0,2,7,16,1.11,1.01,1.05,3,3,NA,0,1
93,1,1,1,1,0,0,1,0,0,0,90,NA,NA,NA,0,2.5,30,3,4.25,52,0.15000001,NA,2,7,16,NA,NA,0.95999998,NA,NA,0,0,1
93,2,1,1,1,0,0,1,0,0,0,90,1,1,111092,0,5,25,5,5.0500002,13,0.15000001,0,2,7,16,1.11,1.05,1.05,4,3,NA,0,1
94,1,2,0,1,0,1,0,0,0,0,0,NA,NA,NA,2,0,25,5,5,26,0.25,NA,3,11,10,1.0599999,0.80000001,2.5599999,NA,NA,0,0,1
94,2,2,0,1,0,1,0,0,0,0,0,1,1,111292,0,2,20,4,5.0500002,52,0.25,0,1,11,10,1.05,0.79000002,2.53,3,NA,NA,0,1
95,1,2,0,1,0,1,0,0,0,0,40,NA,NA,NA,1,18,3,4,4.25,26,0.27000001,NA,1,11,10,1.0599999,0.80000001,2.5599999,4,3,0,0,1
95,2,2,0,1,0,1,0,0,0,0,40,1,1,111292,0,0,14,3,5.0500002,13,0.25,0,1,11,10,1.05,0.75,2.53,3,3,NA,0,1
96,1,2,0,1,0,0,1,0,0,0,80,NA,NA,NA,2,0,15,2,4.25,26,0.12,NA,2,11.5,10,1.0599999,1.01,2.6600001,3,2,0,0,1
96,2,2,0,1,0,0,1,0,0,0,80,1,1,111892,3,0,15,5,5.0500002,26,0.15000001,0,2,11.5,10.5,1.05,0.94,2.5899999,4,0,NA,0,1
97,1,2,0,1,0,1,0,0,0,0,58,NA,NA,NA,2,0,12,4,4.25,13,0.25,NA,2,11,10,1.02,0.75,2.5599999,3,2,1,0,1
97,2,2,0,1,0,1,0,0,0,0,58,1,1,111292,0,2.5,11,3,5.0500002,13,0.30000001,0,2,11,10,1.05,0.80000001,2.54,3,2,NA,0,1
102,1,3,0,1,1,0,0,0,0,0,15,NA,NA,NA,2,12,13,3,4.4000001,52,0.2,NA,2,7,16,1.0599999,0.91000003,1.0700001,6,4,0,0,1
102,2,3,0,1,1,0,0,0,0,0,15,1,1,111392,0,0,27,2,5.0500002,52,0.25,0,2,7,15,1.0700001,1.01,1.05,5,5,NA,0,1
103,1,4,0,1,0,0,1,0,0,0,50,NA,NA,NA,2,12.5,10,3,5,26,0.27000001,NA,2,10.5,11.5,0.91000003,0.85000002,0.94999999,2,2,0,0,1
103,2,4,0,1,0,0,1,0,0,0,50,1,1,111492,2,NA,NA,2,5.0500002,13,NA,0,2,10.5,12.5,1.05,0.83999997,1.26,2,2,NA,0,1
105,1,1,0,1,0,0,1,0,0,0,50,NA,NA,NA,2,0,40,4,4.25,10,NA,NA,2,6.5,16.5,0.95999998,1,1.03,4,2,0,0,1
105,2,1,0,1,0,0,1,0,0,0,50,1,1,111092,0,0,45,4,5.0500002,13,0.25,0,2,6.5,16.5,1.05,0.99000001,1.16,4,3,NA,0,1
106,1,1,0,1,0,0,1,0,0,0,65,NA,NA,NA,0,0,35,3,4.25,26,0.27000001,NA,3,7,16,1.0599999,0.94999999,0.94999999,2,1,0,0,1
106,2,1,0,1,0,0,1,0,0,0,65,1,1,111092,0,2,25,3,5.0500002,26,0.2,0,0,7,16,1.05,0.94999999,0.94999999,2,2,NA,0,1
107,1,1,1,1,0,0,1,0,0,0,40,NA,NA,NA,0,6,11,3,4.25,8,0.31999999,NA,1,8,14.5,1.17,0.94999999,0.94999999,3,3,0,0,1
107,2,1,1,1,0,0,1,0,0,0,40,2,1,123092,9,13.5,10,2,5.0500002,NA,NA,0,1,8,14,NA,1.01,1,4,2,NA,0,1
108,1,1,0,1,0,0,1,0,0,0,6,NA,NA,NA,2,13.5,15,4,4.25,26,0.37,NA,1,7,17,1.27,1.01,1.0599999,3,3,1,0,1
108,2,1,0,1,0,0,1,0,0,0,6,1,1,111692,0,11,24,5,5.0500002,26,0.15000001,0,1,7,17,1.37,1.02,1.05,3,3,NA,0,1
111,1,3,0,1,0,0,1,0,0,0,55,NA,NA,NA,0,17,14,3,4.25,2,0.41999999,NA,3,7,16,1.17,1.0599999,1.01,5,5,0,0,1
111,2,3,0,1,0,0,1,0,0,0,55,1,1,111892,1,20,14.5,3,5.0500002,26,NA,0,2,7,16,1.16,1.16,1,5,4,NA,0,1
112,1,4,0,1,0,0,1,0,0,0,80,NA,NA,NA,0,4,26,3,5,13,0.2,NA,2,10,14,1.0599999,0.98000002,1.0599999,2,2,0,0,1
112,2,4,0,1,0,0,1,0,0,0,80,2,1,121392,9,5,25,6,5.0500002,28,0.18000001,0,2,10.5,12.5,1.11,1.09,2.0699999,NA,NA,NA,0,1
113,1,1,0,1,0,1,0,0,0,0,NA,NA,NA,NA,0,0,22,4,NA,NA,NA,NA,2,7,16,1.0599999,0.94999999,1,4,NA,1,0,1
113,2,1,0,1,0,1,0,0,0,0,NA,1,1,111092,0,2,40,5,5.0500002,26,0.28,1,2,7,16,1.05,0.89999998,0.98000002,3,2,NA,0,1
114,1,1,0,1,0,1,0,0,0,0,50,NA,NA,NA,2,0,35,5,4.75,26,0.56999999,NA,2,7,16,1.0700001,0.94999999,0.94999999,3,NA,1,0,1
114,2,1,0,1,0,1,0,0,0,0,50,1,1,111792,1,20,40,4,5.25,26,0.25,0,2,6.5,16.5,1.11,0.94,0.94,3,3,NA,0,1
115,1,1,0,1,0,1,0,0,0,0,25,NA,NA,NA,0,20,25,4,4.75,4,0.30000001,NA,1,7,17,1.0599999,0.94999999,1.0599999,4,3,0,0,1
115,2,1,0,1,0,1,0,0,0,0,25,1,1,111092,0,6,15,4,5.0500002,NA,NA,NA,1,7,17,1.05,0.94999999,1.01,4,4,NA,0,1
116,1,1,0,1,0,1,0,0,0,0,90,NA,NA,NA,0,4,22.5,2,4.25,18,0.37,NA,2,8.5,13,1.49,1.02,1.11,7,3,0,0,1
116,2,1,0,1,0,1,0,0,0,0,90,1,1,111092,0,22,12,3,5.0500002,13,0.44999999,1,2,8.5,13,1.39,0.94999999,1.21,8,2,NA,0,1
118,1,1,0,1,0,0,1,0,0,0,70,NA,NA,NA,3,10,15,4,4.25,26,0.15000001,NA,2,7,15,1.0599999,0.94999999,1.01,4,2,0,0,1
118,2,1,0,1,0,0,1,0,0,0,70,1,1,111692,0,18,20,3,5.0500002,26,0.38,0,2,7,15,1.05,0.94,1,4,2,NA,0,1
119,1,1,0,1,0,0,1,0,0,0,50,NA,NA,NA,2,12,19,3,4.75,13,0.27000001,NA,3,6.5,16.5,1.0599999,0.91000003,0.94999999,3,3,1,0,1
119,2,1,0,1,0,0,1,0,0,0,50,1,1,111692,1,18,13,4,5.0500002,26,NA,0,3,6.5,17.5,1.05,0.88999999,0.94999999,3,3,NA,0,1
120,1,1,1,1,0,1,0,0,0,0,NA,NA,NA,NA,3,0,32,3,4.5,NA,NA,NA,2,7,16,1.13,0.98000002,1.04,3,2,0,0,1
120,2,1,1,1,0,1,0,0,0,0,NA,1,1,111992,3,0,30,4,5.0500002,NA,NA,0,2,7,16,1.05,1.05,1.05,3,2,NA,0,1
122,1,1,0,1,0,0,1,0,0,0,70,NA,NA,NA,0,1,38,5,4.25,4,0.2,NA,1,9,12.5,NA,1.12,1.12,5,3,0,0,1
122,2,1,0,1,0,0,1,0,0,0,70,1,1,111092,0,10,50,6,5.0500002,26,0.1,0,1,9,12.5,1.15,0.94,1.15,6,4,NA,0,1
123,1,1,0,1,0,1,0,0,0,0,28,NA,NA,NA,0,0,20,5,NA,13,NA,NA,2,7,14.5,1.0599999,0.94999999,1.01,2,1,0,0,1
123,2,1,0,1,0,1,0,0,0,0,28,1,1,111092,0,5,25,4,5.0500002,26,0.15000001,0,3,7.5,14,1.05,0.94,1,3,2,NA,0,1
124,1,1,0,1,0,1,0,0,0,0,14,NA,NA,NA,1,8,10,3,4.25,13,0.25,NA,2,8,15,1.0599999,0.91000003,1.04,2,2,0,0,1
124,2,1,0,1,0,1,0,0,0,0,14,1,1,111092,0,21,6,4,5.0500002,13,0.5,1,3,7,15,1.16,0.94,1.12,2,2,NA,0,1
125,1,2,0,1,0,1,0,0,0,0,100,NA,NA,NA,0,15,0,4,4.5,26,0.25,NA,1,10,12.5,0.91000003,0.85000002,2.3399999,3,2,0,0,1
125,2,2,0,1,0,1,0,0,0,0,100,1,1,111492,0,0,15,2,5.0500002,52,0.40000001,0,1,10,12,1.01,1.01,2.49,4,3,NA,0,1
128,1,2,1,1,0,1,0,0,0,0,NA,NA,NA,NA,3,6.5,7.5,2,5,NA,0.15000001,NA,2,11,11,1.0599999,0.85000002,2.3399999,4,2,0,0,1
128,2,2,1,1,0,1,0,0,0,0,NA,1,1,111492,1,3,16,2,5.0500002,26,0.25,0,1,11,11,1.05,0.79000002,2.3199999,3,2,NA,0,1
129,1,3,0,1,0,1,0,0,0,0,0,NA,NA,NA,3,20,20,3,5.25,26,0.050000001,NA,2,6,16,1.1,1,0.74000001,6,4,0,0,1
129,2,3,0,1,0,1,0,0,0,0,0,1,1,111392,0,7,18,4,5.0500002,52,0.25,0,2,6,16,1.11,1,0.88999999,4,3,NA,0,1
130,1,3,1,1,0,1,0,0,0,0,15,NA,NA,NA,2,7,25.5,3,4.5,19,0.30000001,NA,2,5,18,1.12,1.0700001,1,4,3,0,0,1
130,2,3,1,1,0,1,0,0,0,0,15,2,1,122192,6,2,38,4,5.0500002,4,0.15000001,0,2,7,16,1.11,1.0599999,1.05,5,3,NA,0,1
131,1,3,0,1,0,1,0,0,0,0,10,NA,NA,NA,2,15,25,4,5.5,4,0.37,NA,2,6,17,1.0599999,1.0599999,1.0599999,5,2,1,0,1
131,2,3,0,1,0,1,0,0,0,0,10,2,1,121692,2,8,22,3,5.0500002,NA,NA,0,2,7,15,1.05,1.11,1.05,5,4,NA,0,1
132,1,3,1,1,0,1,0,0,0,0,80,NA,NA,NA,0,20,20,5,4.5,26,0.25,NA,2,0,24,1.28,1.0599999,2.3,5,3,0,0,1
132,2,3,1,1,0,1,0,0,0,0,80,1,1,111692,0,15,20,3,5.5,52,0.25,0,2,7,14,NA,NA,NA,2,2,NA,0,1
133,1,3,1,1,0,1,0,0,0,0,99,NA,NA,NA,0,6,16,2,4.75,26,NA,NA,2,6,17,1.12,1.0700001,1.0599999,4,3,0,0,1
133,2,3,1,1,0,1,0,0,0,0,99,1,1,111392,0,3,20,3,5.0500002,26,NA,0,2,7,15,1.11,1.0599999,2.1099999,5,3,NA,0,1
134,1,3,0,1,0,1,0,0,0,0,42,NA,NA,NA,2,5.5,25,3,4.6199999,NA,NA,NA,2,6,16,1.09,NA,0.94999999,4,3,0,0,1
134,2,3,0,1,0,1,0,0,0,0,42,1,1,111392,0,6,27.5,3,5.0500002,52,0.25,0,2,6,16,1.11,1.0599999,0.94,4,3,NA,0,1
135,1,3,0,1,0,1,0,0,0,0,NA,NA,NA,NA,0,10,20,4,NA,26,NA,NA,0,9,12.5,NA,NA,NA,5,3,0,0,1
135,2,3,0,1,0,1,0,0,0,0,NA,1,1,111692,0,8,24,3,5.0500002,NA,0.25,0,2,10,11.5,1.16,1.0599999,1.05,5,3,NA,0,1
136,1,3,1,1,0,1,0,0,0,0,5,NA,NA,NA,2,14.5,14.5,5,4.25,21,0.27000001,NA,2,6,17,1.12,1.0700001,1.1,5,4,0,0,1
136,2,3,1,1,0,1,0,0,0,0,5,2,0,121692,3,NA,NA,NA,NA,NA,NA,NA,NA,7,16,NA,NA,NA,NA,NA,NA,0,1
137,1,3,1,1,0,0,1,0,0,0,50,NA,NA,NA,3,15,25,3,4.25,26,0.15000001,NA,2,6,16,1.12,1.0599999,1.02,6,4,0,0,1
137,2,3,1,1,0,0,1,0,0,0,50,1,1,111692,1,12,30,5,5.0500002,26,0.25,0,2,7,15,1.11,1.11,1.05,5,3,NA,0,1
138,1,3,1,1,0,0,1,0,0,0,NA,NA,NA,NA,0,4.5,25.5,2,NA,NA,NA,NA,2,10,11.5,1.12,1.0700001,1.0599999,6,NA,1,0,1
138,2,3,1,1,0,0,1,0,0,0,NA,1,1,111692,0,2,33,3,5.0500002,26,0.2,0,2,10,11.5,1.21,1.01,0.94,6,4,NA,0,1
139,1,4,0,1,0,1,0,0,0,0,NA,NA,NA,NA,0,NA,NA,2,5.5,NA,NA,NA,2,10.5,12.5,0.94999999,0.94999999,1.0599999,2,1,0,0,1
139,2,4,0,1,0,1,0,0,0,0,NA,1,1,111492,0,11,25,5,5.5,19,0.25,1,2,11,12,NA,NA,NA,NA,NA,NA,0,1
140,1,4,0,1,0,1,0,0,0,0,25,NA,NA,NA,0,0,40,3,4.5,26,0.37,NA,2,10.5,11.5,0.91000003,0.86000001,1.0599999,2,2,1,0,1
140,2,4,0,1,0,1,0,0,0,0,25,1,1,111492,0,5,35,5,5.6700001,4,0.25,1,2,10.5,11.5,1,0.94,1.05,2,2,NA,0,1
141,1,4,0,1,0,1,0,0,0,0,NA,NA,NA,NA,0,10,15,4,4.75,13,0.27000001,NA,2,10.5,12.5,1.02,0.91000003,1.0599999,2,2,1,0,1
141,2,4,0,1,0,1,0,0,0,0,NA,1,1,111892,2,10,25,3,5.0500002,13,0.18000001,1,2,10.5,12.5,1.05,0.83999997,1.34,2,2,NA,0,1
142,1,4,0,1,0,0,1,0,0,0,NA,NA,NA,NA,0,15,35,4,4.25,26,0.15000001,NA,2,10,11.5,1.0599999,0.94999999,1.0599999,2,2,1,0,1
142,2,4,0,1,0,0,1,0,0,0,NA,1,1,111492,0,40,31,5,5.0500002,26,0.18000001,0,2,10,11.5,1.01,0.88999999,1.26,2,2,NA,0,1
143,1,4,0,1,0,1,0,0,0,0,15,NA,NA,NA,3,0,30,3,5.3699999,26,0.25,NA,2,10.5,11.5,0.94999999,0.94999999,1.0599999,2,2,1,0,1
143,2,4,0,1,0,1,0,0,0,0,15,2,4,121692,2,NA,NA,NA,NA,NA,NA,NA,NA,NA,NA,NA,NA,NA,NA,NA,NA,0,1
144,1,4,0,1,0,1,0,0,0,0,0,NA,NA,NA,2,10,30,3,5.0500002,26,0.15000001,NA,2,10.5,12.5,0.91000003,0.85000002,1.0599999,2,2,1,0,1
144,2,4,0,1,0,1,0,0,0,0,0,1,1,111792,1,4,37,3,5.0500002,26,0.34999999,1,2,10.5,12.5,0.94,0.94,1.26,2,2,NA,0,1
145,1,1,0,1,0,0,1,0,0,0,0,NA,NA,NA,0,5,17,3,5,13,0.15000001,NA,2,7,16,1.0599999,0.94999999,0.94999999,3,2,1,0,1
145,2,1,0,1,0,0,1,0,0,0,0,1,1,111092,0,10,8,4,5.2800002,26,0.13,1,2,7,16,1.05,0.95999998,0.94999999,3,2,NA,0,1
146,1,1,0,1,0,0,1,0,0,0,NA,NA,NA,NA,3,8,20,5,4.8000002,26,0.25,NA,2,7,16,1.0599999,1,1.0599999,4,3,1,0,1
146,2,1,0,1,0,0,1,0,0,0,NA,1,1,111092,0,0,32,4.5,5.0500002,26,0.17,0,2,7,16,1.05,0.99000001,1.05,4,3,NA,0,1
147,1,1,0,1,0,0,1,0,0,0,100,NA,NA,NA,0,8.5,6.5,3,5.1199999,8,0.25,NA,2,7,14,1.12,0.88999999,0.94999999,2,2,0,0,1
147,2,1,0,1,0,0,1,0,0,0,100,1,1,111892,1,6,0,3,5.25,13,0.38,0,2,7,14,1.13,0.91000003,0.91000003,2,2,NA,0,1
148,1,1,0,1,0,0,1,0,0,0,0,NA,NA,NA,4,4.5,30,4,5.25,26,0.17,NA,2,7,17,1.0599999,0.94999999,0.94999999,3,2,1,0,1
148,2,1,0,1,0,0,1,0,0,0,0,1,1,111092,0,7.5,30,4,5.0500002,26,0.2,1,2,7,17,1.05,0.94,0.94,3,3,NA,0,1
149,1,1,0,1,0,0,1,0,0,0,50,NA,NA,NA,1,0,20,4,4.5,26,0.27000001,NA,3,7,16,1.0599999,0.94999999,0.94999999,2,1,0,0,1
149,2,1,0,1,0,0,1,0,0,0,50,1,1,111092,0,8,10,3,5.0500002,26,0.25,0,2,7,16,1.05,0.94,0.94,2,2,NA,0,1
150,1,1,0,1,0,0,1,0,0,0,2,NA,NA,NA,2,0,27.5,3.5,4.6700001,26,0.27000001,NA,2,7,16,1.23,0.88999999,0.88999999,3,3,1,0,1
150,2,1,0,1,0,0,1,0,0,0,2,2,1,123192,8,12,20,3,5.75,28,0.57999998,0,2,7,15,1.11,0.88,0.88,3,2,NA,0,1
151,1,1,0,1,0,0,1,0,0,0,92,NA,NA,NA,0,1,12,3,5,12,0.1,NA,2,7,15,1.09,0.81,1.04,3,3,0,0,1
151,2,1,0,1,0,0,1,0,0,0,92,2,3,123092,2,0,0,0,NA,NA,NA,NA,NA,NA,NA,NA,NA,NA,NA,NA,NA,0,1
152,1,1,0,1,0,0,1,0,0,0,10,NA,NA,NA,0,35,15,4,5.1199999,9,0.67000002,NA,1,7,15,1.17,0.94999999,1.02,3,2,1,0,1
152,2,1,0,1,0,0,1,0,0,0,10,1,1,111092,0,12,13.5,5,5.0500002,13,0.28,0,2,7,15,1.16,0.94,0.94,3,3,NA,0,1
153,1,1,0,1,0,0,1,0,0,0,33,NA,NA,NA,0,0,25,9,NA,52,0.15000001,NA,1,7,17,1,0.94999999,0.88999999,4,3,0,0,1
153,2,1,0,1,0,0,1,0,0,0,33,1,1,111092,0,26.5,10,3,5.0500002,26,0.15000001,0,2,7,17,1.05,0.94999999,0.94999999,3,2,NA,0,1
156,1,1,0,1,0,0,1,0,0,0,0,NA,NA,NA,0,8,15,3,4.8699999,6,0.25,NA,1,7,15,1.0599999,0.94999999,1.02,8,3,0,0,1
156,2,1,0,1,0,0,1,0,0,0,0,1,1,111092,0,2,18,2,5.0500002,NA,0.30000001,0,2,7,15,0.94999999,0.94,1.01,3,NA,NA,0,1
157,1,2,0,1,0,0,1,0,0,0,0,NA,NA,NA,0,10,5,3,5,26,0.25,NA,1,10.5,12,0.91000003,0.85000002,2.3399999,3,3,0,0,1
157,2,2,0,1,0,0,1,0,0,0,0,1,1,111792,2,12,8,2,5.5,26,0.25,0,1,10.5,11,0.94999999,0.82999998,2.47,2,2,NA,0,1
158,1,2,0,1,0,0,1,0,0,0,55,NA,NA,NA,1,2,7,3,4.5,4,0.12,NA,1,11,10,0.92000002,0.69999999,2.3399999,3,3,0,0,1
158,2,2,0,1,0,0,1,0,0,0,55,1,1,111192,0,3,4,4,5.0500002,13,0.25,0,1,11,11.5,0.94999999,0.94,2.49,3,2,NA,0,1
159,1,2,0,1,0,0,1,0,0,0,22,NA,NA,NA,8,6,12,2,4.5,4,0.12,NA,1,10.5,10.5,0.98000002,0.85000002,2.3399999,3,3,0,0,1
159,2,2,0,1,0,0,1,0,0,0,22,1,1,111492,0,10,5,4,5.25,13,0.25,0,1,10.5,11.5,0.94999999,0.83999997,2.49,4,3,NA,0,1
161,1,3,1,1,0,0,1,0,0,0,2,NA,NA,NA,0,8,25,4,5,19,0.15000001,NA,2,6,17,1.12,1.02,1.0599999,7,3,0,0,1
161,2,3,1,1,0,0,1,0,0,0,2,1,1,111992,4,26,12,4,5.0500002,NA,NA,0,2,6,17,1.11,1.0599999,1.05,7,5,NA,0,1
162,1,3,1,1,0,0,1,0,0,0,45,NA,NA,NA,2,0,40,3,4.75,26,0.17,NA,2,6,16.5,1.12,1.02,1.0599999,NA,1,0,0,1
162,2,3,1,1,0,0,1,0,0,0,45,1,1,111292,0,3,30,3,5.0500002,26,0.18000001,0,2,7,15.5,1.11,1.01,1.05,6,5,NA,0,1
163,1,3,1,1,0,0,1,0,0,0,11,NA,NA,NA,0,12,18,3,5,13,0.15000001,NA,2,6,16.5,1.2,1.0700001,1.0599999,3,3,0,0,1
163,2,3,1,1,0,0,1,0,0,0,11,1,1,111292,0,1.5,33,3,5.0500002,26,0.15000001,0,2,7,15,NA,NA,NA,NA,NA,NA,0,1
164,1,3,1,1,0,0,1,0,0,0,3,NA,NA,NA,0,4,30,4,5,26,0.1,NA,2,5,19,1.12,1.02,1.0599999,5,3,0,0,1
164,2,3,1,1,0,0,1,0,0,0,3,1,1,111292,0,5,15,3,5.0500002,52,0.15000001,0,2,6,17,1.11,1.0599999,1.05,5,3,NA,0,1
165,1,4,0,1,0,0,1,0,0,0,60,NA,NA,NA,1,20,10,3,5,15,0.27000001,NA,2,10.5,12.5,1.0599999,0.88999999,1.0599999,3,2,1,0,1
165,2,4,0,1,0,0,1,0,0,0,60,1,1,111792,1,10,17,4,5.0500002,14,0.13,0,2,10.5,12.5,1.05,0.98000002,1.05,2,2,NA,0,1
166,1,4,0,1,0,0,1,0,0,0,40,NA,NA,NA,0,8,32,5,4.75,26,0.25,NA,2,10.5,11.5,0.94999999,0.85000002,1.0599999,2,2,1,0,1
166,2,4,0,1,0,0,1,0,0,0,40,1,1,111392,1,0,35,4,5.0500002,26,0.18000001,0,2,10.5,12.5,1.11,0.83999997,1.26,2,2,NA,0,1
168,1,1,0,1,0,0,1,0,0,0,50,NA,NA,NA,0,5,20,4,4.25,4,0.25,NA,1,7,15,1.0599999,0.94999999,0.94999999,3,3,1,0,1
168,2,1,0,1,0,0,1,0,0,0,50,1,1,111692,0,0,32,4,5.25,10,0.18000001,0,1,6,16,1.11,0.94999999,1.14,3,1,NA,0,1
169,1,1,1,1,0,0,1,0,0,0,50,NA,NA,NA,0,12,33,4,5,13,0.25,NA,2,7,16,1.1,0.94,1.04,3,3,0,0,1
169,2,1,1,1,0,0,1,0,0,0,50,1,1,111692,0,20,6,4,5.0500002,52,0.15000001,0,2,7,16,1.11,1.05,1.05,3,3,NA,0,1
170,1,1,1,1,0,0,1,0,0,0,0,NA,NA,NA,1,10,20,3,5,52,0.51999998,NA,2,7,16,1.1,1.02,1.08,3,2,0,0,1
170,2,1,1,1,0,0,1,0,0,0,0,1,1,111092,0,20,20,4,5.0500002,4,NA,0,1,7,16,1.29,1.11,1.1799999,4,4,NA,0,1
172,1,1,0,1,0,0,1,0,0,0,0.30000001,NA,NA,NA,0,0,24,5,4.75,13,0.25,NA,1,9,12.5,1.12,1.02,1.0599999,5,4,0,0,1
172,2,1,0,1,0,0,1,0,0,0,0.30000001,1,1,111692,2,7,23,3,5.0500002,8,0.18000001,0,1,9,13,1.11,1.01,1.05,6,3,NA,0,1
173,1,1,0,1,0,0,1,0,0,0,50,NA,NA,NA,3,6,40,10,4.8499999,26,0.15000001,NA,2,6.5,17.5,1.0599999,0.94999999,0.98000002,4,3,0,0,1
173,2,1,0,1,0,0,1,0,0,0,50,1,1,111792,1,11,30,5,5.0500002,26,0.15000001,0,2,6,18,1.05,0.94,1.04,4,3,NA,0,1
176,1,1,0,1,0,0,1,0,0,0,20,NA,NA,NA,0,15,21,4,4.6199999,13,0.12,NA,1,7,16,1.0599999,NA,1.05,4,4,0,0,1
176,2,1,0,1,0,0,1,0,0,0,20,1,1,111792,1,20,27.5,4,5.0500002,NA,NA,0,2,7,16,1.04,1.0599999,NA,NA,NA,NA,0,1
179,1,2,0,1,0,0,1,0,0,0,90,NA,NA,NA,2,2,12,3,4.25,13,0.25,NA,1,10.5,10.5,0.91000003,0.91000003,2.3399999,3,3,1,0,1
179,2,2,0,1,0,0,1,0,0,0,90,1,1,111892,3,2,10,4,5.0500002,26,0.2,0,1,10.5,11,0.94,0.83999997,2.49,3,3,NA,0,1
181,1,2,0,1,0,0,1,0,0,0,100,NA,NA,NA,0,0,13,3,NA,NA,NA,NA,1,10.5,11,0.91000003,0.79000002,2.3399999,3,2,0,0,1
181,2,2,0,1,0,0,1,0,0,0,100,1,1,111192,0,1,15,2,5.0500002,NA,0.25,0,1,10.5,11,0.94999999,0.89999998,2.49,3,2,NA,0,1
183,1,2,0,1,0,0,1,0,0,0,100,NA,NA,NA,0,12,4,4,4.6199999,20,0.33000001,NA,3,11,11,1.0599999,1.01,2.6600001,4,3,0,0,1
183,2,2,0,1,0,0,1,0,0,0,100,1,1,111892,4,15,10,2,5.0500002,13,0.25,0,2,11,10.5,1.05,1,2.75,4,3,NA,0,1
186,1,3,0,1,0,0,1,0,0,0,50,NA,NA,NA,3,10,20,4,4.75,26,0.15000001,NA,2,6,16,1.12,1.02,0.94999999,5,3,1,0,1
186,2,3,0,1,0,0,1,0,0,0,50,1,1,111892,3,12,18,4,5.0500002,26,NA,0,2,6,16,1.17,1.0599999,0.94999999,5,3,NA,0,1
189,1,3,0,1,0,0,1,0,0,0,95,NA,NA,NA,0,4,15,3,4.75,39,0.2,NA,2,7,15,1.12,1.0700001,1.12,4,2,0,0,1
189,2,3,0,1,0,0,1,0,0,0,95,1,1,111292,0,0,19,3,5.0500002,52,0.2,0,2,7,15,1.11,1.0599999,1.05,5,3,NA,0,1
190,1,3,1,1,0,0,1,0,0,0,NA,NA,NA,NA,0,5,42,4,5,26,0.12,NA,2,6,16,1.02,1.0700001,1.0599999,5,NA,1,0,1
190,2,3,1,1,0,0,1,0,0,0,NA,1,1,111292,0,7,30,4,5.0500002,26,0.18000001,0,2,7,15,1.05,1.01,1.74,5,3,NA,0,1
191,1,4,0,1,0,0,1,0,0,0,NA,NA,NA,NA,0,30,20,4,NA,NA,NA,NA,2,10.5,12,1.0599999,0.94999999,1.0599999,NA,1,0,0,1
191,2,4,0,1,0,0,1,0,0,0,NA,1,1,111792,1,0,25,4,5.0500002,6,0.25,1,2,10.5,12,1.02,0.94,1.05,2,2,NA,0,1
192,1,4,0,1,0,0,1,0,0,0,10,NA,NA,NA,2,20,10,4,4.8699999,26,0.17,NA,2,10,12,0.91000003,0.85000002,1.0599999,2,2,1,0,1
192,2,4,0,1,0,0,1,0,0,0,10,1,1,111392,0,4.5,30,3,5.25,19,0.18000001,0,2,10.5,12.5,1.05,0.83999997,1.26,2,2,NA,0,1
196,1,4,1,1,0,0,1,0,0,0,NA,NA,NA,NA,0,8,19,4,5,26,0.2,NA,2,10.5,11.5,0.94999999,0.85000002,1.0599999,2,2,0,0,1
196,2,4,1,1,0,0,1,0,0,0,NA,1,1,111392,0,0,30,3,5.0500002,26,0.18000001,0,2,10.5,12.5,1,0.89999998,2.1099999,2,2,NA,0,1
197,1,1,0,1,0,0,1,0,0,0,50,NA,NA,NA,0,23,10,4,5,26,0.25,NA,2,7,17,0.99000001,0.88999999,0.88999999,3,2,0,0,1
197,2,1,0,1,0,0,1,0,0,0,50,1,1,111792,1,5,21,5,5.0500002,26,0.13,0,3,7,17,1.05,0.94999999,0.94999999,3,1,NA,0,1
198,1,1,0,1,0,0,1,0,0,0,65,NA,NA,NA,0,NA,NA,4,4.25,4,0.12,NA,3,7,16,1.0599999,0.94999999,0.94999999,3,3,1,0,1
198,2,1,0,1,0,0,1,0,0,0,65,1,1,111792,8,10,32,4,5.0500002,26,0.15000001,0,2,7,16,1.05,0.94,0.94,3,3,NA,0,1
199,1,2,0,1,0,0,1,0,0,0,25,NA,NA,NA,0,0,12,3,4.3499999,NA,0.12,NA,1,11,10,0.85000002,0.80000001,2.3399999,4,3,0,0,1
199,2,2,0,1,0,0,1,0,0,0,25,1,1,111192,0,11,3,4,5.0500002,2,0.44999999,NA,1,11,10.5,0.91000003,0.89999998,2.45,4,3,NA,0,1
200,1,1,0,1,0,0,1,0,0,0,15,NA,NA,NA,0,0,60,3,4.25,9,0.2,NA,2,6,18,1.0599999,0.91000003,0.98000002,4,3,1,0,1
200,2,1,0,1,0,0,1,0,0,0,15,1,1,111092,0,5,40,4,5.0500002,52,0.25,0,2,6.5,17.5,1.05,0.94,0.98000002,5,4,NA,0,1
201,1,1,0,1,0,0,1,0,0,0,65,NA,NA,NA,0,0,33,3,4.5,26,0.34999999,NA,2,7,17,1.0599999,1.02,0.94999999,3,3,0,0,1
201,2,1,0,1,0,0,1,0,0,0,65,1,1,111092,0,16,22,3,5.0500002,26,0.28,1,1,7,17,1.05,0.94999999,0.94999999,3,3,NA,0,1
202,1,1,0,1,0,0,1,0,0,0,15,NA,NA,NA,2,30,14,4,4.25,4,0.37,NA,2,6,19,1.17,0.94999999,0.63,3,3,1,0,1
202,2,1,0,1,0,0,1,0,0,0,15,1,1,111692,0,13,11,4,5.0500002,4,0.079999998,0,3,6,19,1.15,0.94999999,0.63999999,3,3,NA,0,1
203,1,1,0,1,0,0,1,0,0,0,50,NA,NA,NA,2,9,12,2,4.25,26,0.15000001,NA,2,7,17,1.0599999,0.94999999,0.94999999,3,3,0,0,1
203,2,1,0,1,0,0,1,0,0,0,50,1,1,111092,0,4,34,3,5.0500002,26,0.18000001,0,0,7,17,1.05,0.94999999,0.94999999,3,2,NA,0,1
204,1,1,0,1,0,0,1,0,0,0,31,NA,NA,NA,0,10,8.5,4,4.25,13,0.27000001,NA,2,6.5,17.5,1.0599999,1,1.0599999,3,3,0,0,1
204,2,1,0,1,0,0,1,0,0,0,31,1,1,111092,0,12,13.5,3,5.0500002,13,0.25,0,2,6.5,17.5,1.05,0.99000001,1.05,3,2,NA,0,1
207,1,2,1,1,0,0,1,0,0,0,25,NA,NA,NA,0,8,10,4,4.75,8,0.25,NA,1,11,12,1.0599999,0.85000002,2.3399999,4,2,0,0,1
207,2,2,1,1,0,0,1,0,0,0,25,1,1,111192,0,8.5,6,2,5.1999998,52,0.5,1,1,11,12,1.05,0.83999997,2.3199999,5,3,NA,0,1
208,1,3,1,1,0,0,1,0,0,0,95,NA,NA,NA,1,12,32,4,4.6199999,26,0.15000001,NA,2,6,17,1.1900001,0.94,0.85000002,4,4,0,0,1
208,2,3,1,1,0,0,1,0,0,0,95,1,1,111792,2,5,32,3,5.0500002,26,NA,0,2,8,14,1.0599999,1.0599999,1.05,5,5,NA,0,1
209,1,3,1,1,0,0,1,0,0,0,75,NA,NA,NA,0,4,36,4,4.25,26,0.12,NA,2,6,18,1.17,0.94999999,0.94999999,5,5,0,0,1
209,2,3,1,1,0,0,1,0,0,0,75,1,1,111192,0,6,37,4,5.0500002,26,0.2,0,2,7,16,1.11,1.0599999,1.05,5,5,NA,0,1
210,1,4,1,1,0,0,1,0,0,0,90,NA,NA,NA,3,0,19,2,4.5,13,0.17,NA,2,10.5,11.5,1.0599999,0.94999999,0.94999999,4,2,1,0,1
210,2,4,1,1,0,0,1,0,0,0,90,1,1,111392,0,0,14,3,5.0500002,13,0.2,0,2,10,11,NA,NA,NA,4,NA,NA,0,1
211,1,1,0,1,1,0,0,0,0,0,80,NA,NA,NA,2,3,28,4,4.5,13,NA,NA,2,7,15,1.02,0.94999999,0.94999999,3,3,0,0,1
211,2,1,0,1,1,0,0,0,0,0,80,1,1,111692,0,2,35,4,5.0500002,4,NA,0,2,7,15,NA,0.89999998,NA,3,2,NA,0,1
212,1,1,0,1,1,0,0,0,0,0,95,NA,NA,NA,0,11,17.5,3,4.5,13,0.17,NA,1,7,16,1.0599999,0.88,0.83999997,3,2,0,0,1
212,2,1,0,1,1,0,0,0,0,0,95,1,1,111092,0,20,15,3,5.0500002,4,0.52999997,1,2,7,16,1.05,0.94,0.88999999,2,2,NA,0,1
213,1,1,1,1,1,0,0,0,0,0,50,NA,NA,NA,1,4.5,20,4,4.5500002,4,0.15000001,NA,2,6.5,17.5,0.95999998,0.93000001,0.93000001,4,3,0,0,1
213,2,1,1,1,1,0,0,0,0,0,50,2,1,121892,2,12,17.5,4,5.0500002,19,0.15000001,1,2,6.5,17.5,1.05,0.94,0.94,4,3,NA,0,1
214,1,1,0,1,1,0,0,0,0,0,75,NA,NA,NA,0,2,30,3,4.6199999,6.5,0.25,NA,2,7,16,1.02,0.88999999,0.91000003,2,2,0,0,1
214,2,1,0,1,1,0,0,0,0,0,75,1,1,111892,1,0,35,5,5.0500002,NA,NA,0,2,6.75,16.25,1.04,0.93000001,0.95999998,3,2,NA,0,1
215,1,1,0,1,1,0,0,0,0,0,100,NA,NA,NA,0,10,10,3,4.5,13,0.2,NA,2,7,16,1.0599999,0.88999999,0.91000003,3,3,0,0,1
215,2,1,0,1,1,0,0,0,0,0,100,1,1,111092,0,20,10,3,5.0500002,26,0.15000001,0,3,7,16,0.93000001,0.83999997,0.93000001,3,3,NA,0,1
216,1,2,0,1,1,0,0,0,0,0,100,NA,NA,NA,0,2,11,3,4.25,13,0.15000001,NA,1,11,10.5,1.0599999,0.94999999,2.77,4,3,0,0,1
216,2,2,0,1,1,0,0,0,0,0,100,1,1,111192,0,2,18,3,5.0500002,13,0.2,0,2,11,10.5,1.05,0.94,2.75,5,3,NA,0,1
217,1,2,1,1,1,0,0,0,0,0,73,NA,NA,NA,0,2,13,2,4.25,13,0.17,NA,1,11,10,0.94999999,0.74000001,2.1900001,4,3,0,0,1
217,2,2,1,1,1,0,0,0,0,0,73,1,1,111192,0,0,12,3,5.0500002,26,0.2,0,1,10.5,10.5,0.94,0.73000002,2.3199999,4,4,NA,0,1
218,1,2,1,1,1,0,0,0,0,0,5,NA,NA,NA,0,7,4,2,4.3499999,26,0.25,NA,1,11,10,0.85000002,0.74000001,2.3399999,3,2,0,0,1
218,2,2,1,1,1,0,0,0,0,0,5,1,1,111192,0,5,3,3,5.0500002,26,0.25,0,1,11,11,0.94999999,0.73000002,2.1900001,3,3,NA,0,1
219,1,2,1,1,1,0,0,0,0,0,50,NA,NA,NA,0,3,9,3,4.25,19,0.12,NA,2,11,10,0.91000003,0.74000001,2.3399999,4,3,0,0,1
219,2,2,1,1,1,0,0,0,0,0,50,1,1,111192,0,9,9,2,5.0500002,26,0.18000001,0,1,10.5,10.5,0.94,0.73000002,2.53,NA,NA,NA,0,1
220,1,2,0,1,1,0,0,0,0,0,50,NA,NA,NA,4,3,15,2,4.25,13,0.25,NA,2,11,10,1.0599999,0.94999999,2.77,5,3,0,0,1
220,2,2,0,1,1,0,0,0,0,0,50,1,1,111492,1,3,12,3,5.0500002,13,0.13,0,1,11,10,1.09,0.89999998,2.75,4,3,NA,0,1
221,1,2,0,1,1,0,0,0,0,0,95,NA,NA,NA,0,1,28,3,4.5999999,13,0.25,NA,1,11,11,1.02,0.94999999,2.5599999,4,3,0,0,1
221,2,2,0,1,1,0,0,0,0,0,95,1,1,111192,0,1,15,3,5.0500002,13,0.15000001,0,1,11,11,1.05,0.94,2.53,4,3,NA,0,1
222,1,3,1,1,1,0,0,0,0,0,75,NA,NA,NA,3,2,24,3,4.25,13,0.25,NA,2,9,12.5,1.12,0.85000002,1.0599999,3,1,0,0,1
222,2,3,1,1,1,0,0,0,0,0,75,1,1,111192,0,2,15,3,5.0500002,26,0.2,0,2,10,11.5,1.01,1.01,0.88999999,3,1,NA,0,1
223,1,3,1,1,1,0,0,0,0,0,30,NA,NA,NA,2,3,18,3,4.75,13,0.25,NA,2,6,16,NA,NA,NA,3,2,0,0,1
223,2,3,1,1,1,0,0,0,0,0,30,2,1,121892,2,3,20,3,5.0500002,28,0.25,0,2,7,15,1.01,1.01,0.94,3,2,NA,0,1
225,1,3,1,1,1,0,0,0,0,0,25,NA,NA,NA,0,3,27,3,4.75,13,0.2,NA,2,6,17,1.0599999,0.91000003,0.91000003,6,3,0,0,1
225,2,3,1,1,1,0,0,0,0,0,25,1,1,111192,0,12,25,4,5.0500002,4,0.1,0,2,6,17,1.01,1.01,0.94,5,3,NA,0,1
226,1,4,0,1,1,0,0,0,0,0,60,NA,NA,NA,0,0,22,2,4.25,13,0.25,NA,1,10.5,11.5,0.94999999,0.70999998,0.94999999,2,2,0,0,1
226,2,4,0,1,1,0,0,0,0,0,60,1,1,111792,1,0,26,2,5.3000002,52,0.15000001,0,1,10.5,10.5,1,0.85000002,0.94,2,2,NA,0,1
228,1,4,0,1,1,0,0,0,0,0,20,NA,NA,NA,0,3,28.5,3,4.5,13,0.2,NA,3,10.5,12.5,0.94999999,0.86000001,0.94999999,2,2,1,0,1
228,2,4,0,1,1,0,0,0,0,0,20,1,1,111392,0,11,19,3,5.0500002,NA,NA,0,1,10.5,12.5,1,0.83999997,0.88999999,2,NA,NA,0,1
229,1,1,0,1,0,0,1,0,0,0,30,NA,NA,NA,2,3,40,3,4.5,26,0.1,NA,2,8.5,13.5,0.94999999,0.94999999,1.0599999,5,4,0,0,1
229,2,1,0,1,0,0,1,0,0,0,30,1,1,111692,0,22,11,3,5.5,26,0.15000001,1,2,8.5,13.5,1.01,0.94,0.94,4,3,NA,0,1
230,1,1,0,1,0,0,1,0,0,0,60,NA,NA,NA,0,0,25,3,4.25,26,0.1,NA,1,7,17,1.02,0.94999999,0.94999999,3,2,0,0,1
230,2,1,0,1,0,0,1,0,0,0,60,1,1,111692,0,15,17,3,5.0500002,26,0.18000001,0,1,7,17,1.05,0.94,0.94,3,2,NA,0,1
231,1,1,0,1,0,0,1,0,0,0,NA,NA,NA,NA,1,NA,10,3,NA,26,NA,NA,2,7,16,1.02,1.02,0.94999999,2,2,0,0,1
231,2,1,0,1,0,0,1,0,0,0,NA,1,1,111092,0,16,6,4,5.0500002,4,0.25,0,1,7,16,0.89999998,0.94999999,0.94999999,3,1,NA,0,1
232,1,1,0,1,0,0,1,0,0,0,46,NA,NA,NA,3,18,6,3,4.75,26,0.12,NA,3,7,16,1.0599999,0.94999999,0.94999999,3,3,1,0,1
232,2,1,0,1,0,0,1,0,0,0,46,1,1,111892,3,18,10,4,5.0500002,13,0.25,0,2,7,15,1.05,0.94999999,0.94999999,3,2,NA,0,1
233,1,1,0,1,0,0,1,0,0,0,10,NA,NA,NA,0,19,7,3,4.6500001,13,0.31999999,NA,2,7,16,1.17,0.94999999,0.94999999,2,2,0,0,1
233,2,1,0,1,0,0,1,0,0,0,10,1,1,111092,0,15,7,3,5.0500002,26,0.25,0,2,7,16,1.05,0.94,0.94,2,2,NA,0,1
234,1,1,0,1,0,0,1,0,0,0,0,NA,NA,NA,2,0,10,3,5,26,NA,NA,2,7,16,1.12,NA,0.49000001,2,2,0,0,1
234,2,1,0,1,0,0,1,0,0,0,0,1,1,111892,2,10,4,3,5.0500002,26,NA,0,2,7,16,1.04,1.01,0.57999998,3,2,NA,0,1
235,1,1,0,1,0,0,1,0,0,0,100,NA,NA,NA,2,5,17,1,4.25,26,0.20999999,NA,2,7,16,1.02,0.94999999,1.04,3,2,0,0,1
235,2,1,0,1,0,0,1,0,0,0,100,2,1,121592,4,NA,28,3,5.0500002,28,0.5,1,2,8,15,1.11,1.11,1.03,4,2,NA,0,1
236,1,1,0,1,0,0,1,0,0,0,95,NA,NA,NA,3,0,34,4,NA,17,NA,NA,1,7,17,1.1799999,1.02,1.0599999,4,3,0,0,1
236,2,1,0,1,0,0,1,0,0,0,95,1,1,111792,2,23,22,4,5.0500002,8,0.28,1,1,7,18,1.1,1.01,0.99000001,4,3,NA,0,1
237,1,1,0,1,0,0,1,0,0,0,50,NA,NA,NA,2,12,11,4,4.25,13,0.25,NA,2,7,16,1.11,0.94999999,1.01,2,2,0,0,1
237,2,1,0,1,0,0,1,0,0,0,50,1,1,110992,0,9,17,4,5.0500002,4,0.2,0,2,7,15.5,0.94,0.94,1,2,2,NA,0,1
238,1,2,1,1,0,0,1,0,0,0,100,NA,NA,NA,2,0,22,3,4.75,9,0.12,NA,1,11,12,1.0599999,1.02,2.3399999,5,3,0,0,1
238,2,2,1,1,0,0,1,0,0,0,100,1,1,111192,0,25,15,5,5.0500002,13,0.25,1,1,11,12,1.05,1.05,2.3199999,5,3,NA,0,1
239,1,2,0,1,0,0,1,0,0,0,35,NA,NA,NA,1,15,4,3,4.25,13,0.25,NA,1,10.5,13.5,1.05,0.94999999,2.74,5,3,0,0,1
239,2,2,0,1,0,0,1,0,0,0,35,1,1,111292,0,0,19,2,5.0500002,26,0.28,0,1,10.5,12.5,1.05,0.83999997,2.3199999,5,3,NA,0,1
240,1,3,1,1,0,0,1,0,0,0,20,NA,NA,NA,0,15,35,3,5.0999999,26,0.25,NA,2,6,17,1.1799999,1.02,1.0599999,6,4,0,0,1
240,2,3,1,1,0,0,1,0,0,0,20,1,1,111692,1,15,15,3,5.0500002,26,0.15000001,0,2,6,17,1.1,1,1.05,6,4,NA,0,1
241,1,3,0,1,0,0,1,0,0,0,30,NA,NA,NA,2,15,25,4,5,13,0.37,NA,2,7,16,1.12,1.02,1.0599999,5,5,1,0,1
241,2,3,0,1,0,0,1,0,0,0,30,1,1,111192,1,15,NA,4,5.0500002,26,0.1,0,2,7,16,1.15,1.05,1.05,5,5,NA,0,1
242,1,3,1,1,0,0,1,0,0,0,0,NA,NA,NA,0,25,10,3,5.25,13,0.25,NA,2,6,17,1.1,1.02,1.0599999,5,4,1,0,1
242,2,3,1,1,0,0,1,0,0,0,0,1,1,111192,0,12,10,3,5.0500002,8,0.2,1,2,7,16,1.11,1.0599999,1.05,6,4,NA,0,1
243,1,3,1,1,0,0,1,0,0,0,40,NA,NA,NA,0,7,25,3,4.5,8,0.25,NA,2,6,16.5,1.0700001,1.02,0.74000001,6,3,0,0,1
243,2,3,1,1,0,0,1,0,0,0,40,1,1,111192,0,7,22,3,5.0500002,26,0.1,0,2,7,15.5,1.11,1.0599999,1.05,6,2,NA,0,1
244,1,3,1,1,0,0,1,0,0,0,40,NA,NA,NA,3,12,30,3,4.25,4,0.25,NA,2,6,18,1.17,1.12,1.02,4,3,0,0,1
244,2,3,1,1,0,0,1,0,0,0,40,1,1,111192,0,16,12,6,5.0500002,26,0.25,0,2,7,17,1.11,1.12,1.05,5,3,NA,0,1
245,1,3,0,1,0,0,1,0,0,0,0,NA,NA,NA,3,15,8,3,5.5,NA,NA,NA,1,8.5,13.5,1.2,1.02,1.02,4,2,0,0,1
245,2,3,0,1,0,0,1,0,0,0,0,1,1,111792,3,8,12,4,5.0500002,26,NA,0,1,8.5,13,1.11,1.11,1.05,5,1,NA,0,1
247,1,4,0,1,0,0,1,0,0,0,75,NA,NA,NA,3,0,40,4,4.5,13,0.1,NA,2,10.5,15.5,1.0599999,1.05,1.0599999,2,2,0,0,1
247,2,4,0,1,0,0,1,0,0,0,75,2,1,121792,7,0,40,4,5.0500002,NA,NA,1,2,10.5,15.5,1.11,1.09,2.0699999,2,2,NA,0,1
248,1,4,0,1,0,0,1,0,0,0,NA,NA,NA,NA,2,8,16,6,4.75,13,0.37,NA,2,10,16,1.17,0.94999999,0.85000002,2,2,0,0,1
248,2,4,0,1,0,0,1,0,0,0,NA,1,1,111392,0,10,14,6,5.0500002,26,0.25,0,2,10,16,1.37,0.94999999,2.03,2,1,NA,0,1
253,1,3,1,1,1,0,0,0,0,0,NA,NA,NA,NA,0,7,7,3,4.8699999,52,NA,NA,2,7,13,1.23,1.0599999,2.3,2,2,0,0,1
253,2,3,1,1,1,0,0,0,0,0,NA,1,1,111192,0,4,8,6,5.0500002,52,0.23,NA,2,7,16,1.23,1.11,2.28,3,2,NA,0,1
255,1,4,0,1,1,0,0,0,0,0,10,NA,NA,NA,2,0,14,3,NA,52,0.27000001,NA,1,7,14,1.01,0.79000002,0.85000002,2,2,1,0,1
255,2,4,0,1,1,0,0,0,0,0,10,1,1,111392,0,8,12,2,NA,52,0.14,0,1,7,14,1,0.85000002,2.1099999,2,2,NA,0,1
258,1,1,0,1,1,0,0,0,0,0,38,NA,NA,NA,0,4,22,3,4.25,8,0.15000001,NA,2,7,16,1.0599999,0.92000002,0.89999998,3,3,0,0,1
258,2,1,0,1,1,0,0,0,0,0,38,1,1,110992,0,20,18,3,5.0500002,13,NA,0,2,6,18,1.08,0.94,0.83999997,3,3,NA,0,1
259,1,1,0,1,1,0,0,0,0,0,50,NA,NA,NA,0,13,12,4,5,4,0.25,NA,2,7.5,14.5,1.02,0.85000002,0.85000002,3,3,0,0,1
259,2,1,0,1,1,0,0,0,0,0,50,1,1,110992,0,15,15,4,5.0500002,NA,NA,0,2,7.5,14.5,1.05,NA,0.83999997,3,3,NA,0,1
260,1,1,1,1,1,0,0,0,0,0,100,NA,NA,NA,2,10,20,4,4.25,4,0.17,NA,2,7,16,1.0599999,0.93000001,0.88,4,2,1,0,1
260,2,1,1,1,1,0,0,0,0,0,100,1,1,110992,0,4,26,5,5.0500002,8,0.28,0,2,7,16,1.09,0.94,0.93000001,3,3,NA,0,1
262,1,1,0,1,1,0,0,0,0,0,78,NA,NA,NA,0,7,13,3,4.25,13,0.25,NA,2,6.5,16.5,1.0599999,0.94999999,1.0599999,4,4,0,0,1
262,2,1,0,1,1,0,0,0,0,0,78,1,1,110992,0,0,22.5,3,5.0500002,NA,0.25,0,2,6.5,17.5,1.08,1.02,0.87,3,3,NA,0,1
264,1,1,0,1,1,0,0,0,0,0,60,NA,NA,NA,5,0,10,2,4.25,13,0.25,NA,3,7,15,1.02,0.88,0.91000003,2,2,1,0,1
264,2,1,0,1,1,0,0,0,0,0,60,2,1,121492,2,0,23,5,5.0500002,14,NA,0,2,7,16,1.05,1.11,0.94,3,3,NA,0,1
265,1,1,0,1,1,0,0,0,0,0,100,NA,NA,NA,3,0,20,1,4.25,26,0.15000001,NA,2,7,16,1.02,0.88,0.94,3,3,0,0,1
265,2,1,0,1,1,0,0,0,0,0,100,2,3,121492,1,0,0,0,NA,NA,NA,NA,NA,NA,NA,NA,NA,NA,NA,NA,NA,0,1
267,1,1,0,1,1,0,0,0,0,0,80,NA,NA,NA,0,6.5,20,3,4.25,26,0.22,NA,2,7,16,0.89999998,0.80000001,0.80000001,3,2,0,0,1
267,2,1,0,1,1,0,0,0,0,0,80,1,1,110992,0,30,25,5,5.0500002,26,0.2,0,3,7,16,1.05,0.88,0.91000003,3,2,NA,0,1
268,1,1,1,1,1,0,0,0,0,0,0,NA,NA,NA,1,10,18,4,5,26,0.17,NA,2,7,15,1.02,0.85000002,0.85000002,5,4,1,0,1
268,2,1,1,1,1,0,0,0,0,0,0,1,1,110992,0,0,42.5,2,5.0500002,26,0.25,1,2,7,15,0.94,0.77999997,0.83999997,4,4,NA,0,1
269,1,2,1,1,1,0,0,0,0,0,33,NA,NA,NA,0,2,10,3,4.4499998,13,0.12,NA,2,11,10,0.94999999,0.69,1.5,4,3,0,0,1
269,2,2,1,1,1,0,0,0,0,0,33,1,1,111892,3,10,3,4,5.0500002,26,0.17,0,2,11,11,0.94,0.73000002,2.3199999,4,3,NA,0,1
271,1,2,1,1,1,0,0,0,0,0,38,NA,NA,NA,3,0,13,2,5,13,0.1,NA,2,11,11,1.02,0.79000002,2.3399999,4,2,0,0,1
271,2,2,1,1,1,0,0,0,0,0,38,1,1,111792,1,0,15,3,5.0500002,8,0.1,0,2,11,12,0.89999998,0.73000002,2.28,4,3,NA,0,1
272,1,2,1,1,1,0,0,0,0,0,0,NA,NA,NA,4,4,11,3,5.0500002,4,0.2,NA,1,11,11,0.94999999,0.74000001,2.3399999,4,2,0,0,1
272,2,2,1,1,1,0,0,0,0,0,0,1,1,111492,1,2,14,3,5.25,26,0.2,0,2,11,12,0.94,0.73000002,2.3199999,4,3,NA,0,1
273,1,2,1,1,1,0,0,0,0,0,95,NA,NA,NA,0,2,14,4,4.6199999,13,0.2,NA,1,11,10,0.94999999,0.74000001,2.3399999,4,3,0,0,1
273,2,2,1,1,1,0,0,0,0,0,95,1,1,111792,2,2,11,3,5.0500002,6,0.18000001,0,1,11,10,0.94999999,0.74000001,2.3199999,4,3,NA,0,1
274,1,2,1,1,1,0,0,0,0,0,27,NA,NA,NA,0,0,15,2,5.5,26,0.12,NA,2,11,10,0.91000003,0.74000001,2.3399999,4,3,0,0,1
274,2,2,1,1,1,0,0,0,0,0,27,1,1,111392,0,3,7,3,5.0500002,26,0.2,0,1,11,11,NA,NA,2.3199999,NA,NA,NA,0,1
275,1,2,1,1,1,0,0,0,0,0,38,NA,NA,NA,0,4,4,4,4.25,9,0.25,NA,2,11,11,0.94999999,0.79000002,2.3399999,4,3,0,0,1
275,2,2,1,1,1,0,0,0,0,0,38,1,1,111492,2,1,8,2,5.0500002,13,0.38999999,0,1,11,10.5,0.94,0.73000002,2.3199999,4,2,NA,0,1
276,1,2,1,1,1,0,0,0,0,0,0,NA,NA,NA,3,5,10,3,5,26,0.25,NA,2,11,10.5,0.94999999,0.74000001,2.1900001,4,3,0,0,1
276,2,2,1,1,1,0,0,0,0,0,0,1,1,111392,0,5,15,3,5.0500002,26,0.28,0,3,11,12,0.94999999,0.73000002,2.3199999,5,3,NA,0,1
277,1,2,1,1,1,0,0,0,0,0,10,NA,NA,NA,0,2,15,3,4.25,9,0.25,NA,3,11,10,0.94999999,0.85000002,2.3399999,3,3,0,0,1
277,2,2,1,1,1,0,0,0,0,0,10,1,1,111492,1,1,14,3,5.0500002,NA,NA,0,1,11,10,0.94,0.73000002,2.3199999,3,3,NA,0,1
278,1,2,1,1,1,0,0,0,0,0,43,NA,NA,NA,0,3,4,3,4.25,3,0.25,NA,2,11,10,0.94999999,0.74000001,2.1900001,4,3,0,0,1
278,2,2,1,1,1,0,0,0,0,0,43,1,1,111392,0,0,9,4,5.0500002,NA,NA,0,1,11,11,0.94999999,0.73000002,2.3199999,5,3,NA,0,1
282,1,3,1,1,1,0,0,0,0,0,25,NA,NA,NA,2,2,14,3,4.25,13,0.13,NA,2,6,16,1.0599999,0.91000003,0.79000002,4,3,0,0,1
282,2,3,1,1,1,0,0,0,0,0,25,2,3,121492,1,0,0,0,NA,NA,NA,NA,NA,NA,NA,NA,NA,NA,NA,NA,NA,0,1
284,1,3,1,1,1,0,0,0,0,0,88,NA,NA,NA,1,5,23,4,4.5,13,0.25,NA,2,6,16,1.02,0.91000003,0.91000003,5,4,1,0,1
284,2,3,1,1,1,0,0,0,0,0,88,1,1,111692,1,6,12,3,5.0500002,26,0.28,0,2,6,16,1.01,1.01,0.94,4,3,NA,0,1
285,1,3,1,1,1,0,0,0,0,0,70,NA,NA,NA,1,3,25,3,4.75,4,0.25,NA,2,6,16,1.02,0.91000003,0.80000001,4,2,0,0,1
285,2,3,1,1,1,0,0,0,0,0,70,1,1,111292,0,3,15,3,5.0500002,52,0.13,0,2,6,16,1.01,1.01,1.01,4,2,NA,0,1
286,1,3,1,1,1,0,0,0,0,0,66,NA,NA,NA,4,1,15,3,4.75,13,0.25,NA,2,10,11.5,1.12,NA,0.94999999,2,1,0,0,1
286,2,3,1,1,1,0,0,0,0,0,66,1,1,111692,1,2,15,3,5.0500002,26,0.18000001,0,2,10,11.5,1.02,1.01,0.94,2,1,NA,0,1
287,1,3,1,1,1,0,0,0,0,0,70,NA,NA,NA,2,3,18,3,4.5,13,0.17,NA,2,6,16,1.0599999,0.91000003,0.94999999,5,3,0,0,1
287,2,3,1,1,1,0,0,0,0,0,70,1,1,111292,0,2,15,3,5.0500002,4,0.15000001,0,2,6,16,1.01,1.01,0.94,5,3,NA,0,1
288,1,3,1,1,1,0,0,0,0,0,15,NA,NA,NA,3,0,20,3,4.75,NA,0.25,NA,2,6,16,1.02,0.94999999,0.94999999,6,4,0,0,1
288,2,3,1,1,1,0,0,0,0,0,15,1,1,111292,0,5,9,3,5.0500002,19,0.15000001,0,2,6,16,1.01,1.01,0.88999999,5,2,NA,0,1
289,1,3,1,1,1,0,0,0,0,0,50,NA,NA,NA,2,2,12,2,4.25,13,0.2,NA,2,6,16,1.02,0.94999999,0.94999999,5,3,0,0,1
289,2,3,1,1,1,0,0,0,0,0,50,1,1,111292,0,3,10,2,5.0500002,26,0.25,0,2,7,15,1.01,1.01,2,6,3,NA,0,1
290,1,4,0,1,1,0,0,0,0,0,35,NA,NA,NA,1,8,12,3,4.75,26,0.1,NA,3,10.5,12.5,0.94999999,0.88999999,0.94999999,2,2,0,0,1
290,2,4,0,1,1,0,0,0,0,0,35,1,1,111392,1,0,23,2,5.0500002,NA,NA,0,1,10.5,11.5,1,0.85000002,0.94,2,2,NA,0,1
291,1,4,0,1,1,0,0,0,0,0,25,NA,NA,NA,0,4,20,3,4.5500002,16,0.12,NA,1,10.5,11.5,0.94999999,0.86000001,0.94999999,2,2,0,0,1
291,2,4,0,1,1,0,0,0,0,0,25,1,1,111392,0,5,16,3,5.0999999,17,0.1,1,2,10.5,11.5,1,0.85000002,0.94,2,2,NA,0,1
294,1,1,0,1,0,0,1,0,0,0,70,NA,NA,NA,3,0,35,3,NA,26,0.2,NA,2,7,16,1.0599999,0.94999999,0.94999999,3,3,0,0,1
294,2,1,0,1,0,0,1,0,0,0,70,1,1,110992,0,0,35,3,5.0500002,26,0.2,0,2,7,16,1.05,0.94,0.94,3,2,NA,0,1
295,1,1,0,1,0,0,1,0,0,0,100,NA,NA,NA,3,8,9,3,4.75,26,0.12,NA,2,6.5,16.5,1.0599999,0.94999999,0.94999999,3,3,0,0,1
295,2,1,0,1,0,0,1,0,0,0,100,2,1,121592,1,NA,21,4,5.0500002,28,0.18000001,0,2,6,18,1.05,0.94,0.94,3,3,NA,0,1
296,1,1,1,1,0,0,1,0,0,0,50,NA,NA,NA,0,5,16,4,5.3000002,26,0.25,NA,2,7,16,1.0599999,0.94999999,1.01,3,3,0,0,1
296,2,1,1,1,0,0,1,0,0,0,50,1,1,111892,3,4,9,6,5.0500002,13,NA,0,2,7,16,1.05,0.94,1,3,2,NA,0,1
297,1,1,1,1,0,0,1,0,0,0,100,NA,NA,NA,1,9,15,3,4.25,13,0.050000001,NA,2,7,16,1.0599999,0.91000003,0.98000002,3,3,0,0,1
297,2,1,1,1,0,0,1,0,0,0,100,1,1,111792,2,15,30,4,5.0500002,26,0.15000001,0,2,7,16,1.05,0.94,0.98000002,3,2,NA,0,1
299,1,2,1,1,0,0,1,0,0,0,0,NA,NA,NA,0,3,8,2,5,26,NA,NA,1,10.5,11.5,1.0599999,0.85000002,2.3399999,3,2,0,0,1
299,2,2,1,1,0,0,1,0,0,0,0,1,1,111792,1,6,12,2,5.0500002,13,0.25,0,1,11,11.5,1.05,0.83999997,2.3199999,3,2,NA,0,1
301,1,2,1,1,0,0,1,0,0,0,0,NA,NA,NA,4,8,12,5,5,11,0.36000001,NA,3,11,10.5,1.0599999,0.85000002,2.3399999,3,1,1,0,1
301,2,2,1,1,0,0,1,0,0,0,0,1,1,111492,1,2,7,1,5.0500002,4,0.5,0,2,11,10.5,0.94,0.83999997,2.3199999,3,2,NA,0,1
303,1,3,1,1,0,0,1,0,0,0,28,NA,NA,NA,0,10,35,3,4.3499999,26,0.27000001,NA,2,6,17,1.12,1,1.02,6,5,1,0,1
303,2,3,1,1,0,0,1,0,0,0,28,1,1,111692,0,12,35,3,5.0500002,13,0.15000001,0,2,7,16,1.05,1.05,1.05,5,3,NA,0,1
304,1,3,0,1,0,0,1,0,0,0,50,NA,NA,NA,3,10,20,3,4.5,26,0.37,NA,2,6,17,1.27,1.27,2.24,5,3,0,0,1
304,2,3,0,1,0,0,1,0,0,0,50,1,1,111292,0,10,15,4,5.0500002,26,0.38,1,1,0,24,1.4,1.29,1.05,5,5,NA,0,1
305,1,3,1,1,0,0,1,0,0,0,NA,NA,NA,NA,2,0,20,3,4.3899999,NA,NA,NA,2,6,17,1.27,1.27,1.0599999,5,4,0,0,1
305,2,3,1,1,0,0,1,0,0,0,NA,1,1,111792,1,5,22,4,5.0500002,2,0.34999999,0,1,6,18,1.37,1.3099999,1.05,5,4,NA,0,1
306,1,3,1,1,0,0,1,0,0,0,NA,NA,NA,NA,0,15,15,3,NA,17,NA,NA,2,6,17,1.02,NA,1.0599999,4,4,0,0,1
306,2,3,1,1,0,0,1,0,0,0,NA,1,1,111792,1,6,20,3,5.0500002,26,0.23,0,2,6,18,1.11,1.05,1.05,NA,2,NA,0,1
307,1,3,1,1,0,0,1,0,0,0,90,NA,NA,NA,0,17.5,17.5,4,4.25,15,0.5,NA,2,6,18,1.1900001,1.1900001,1.0599999,5,5,0,0,1
307,2,3,1,1,0,0,1,0,0,0,90,1,1,111892,1,25,25,6,5.1999998,NA,NA,0,2,0,24,1.26,NA,1.05,5,5,NA,0,1
310,1,4,0,1,0,0,1,0,0,0,61,NA,NA,NA,2,0,28,4,4.25,13,0.25,NA,2,10.5,11.5,0.91000003,0.91000003,1.9400001,2,1,1,0,1
310,2,4,0,1,0,0,1,0,0,0,61,1,1,111392,0,3,23,3,5.0500002,26,0.30000001,0,2,10.5,11.5,0.97000003,0.89999998,2.0599999,2,2,NA,0,1
311,1,4,0,1,0,0,1,0,0,0,78,NA,NA,NA,2,0,30,4,NA,26,0.31999999,NA,2,10.5,11.5,0.91000003,0.91000003,1.0599999,2,2,1,0,1
311,2,4,0,1,0,0,1,0,0,0,78,1,1,111392,0,35,30,3,5.0500002,NA,0.2,0,2,10.5,11.5,1.01,0.94999999,1.05,2,2,NA,0,1
315,1,1,0,1,1,0,0,0,0,0,65,NA,NA,NA,0,5,19,2,NA,4,0.25,NA,3,7,16,1,0.85000002,0.88,3,2,1,0,1
315,2,1,0,1,1,0,0,0,0,0,65,1,1,110992,0,4.5,20,2,5.0500002,8,0.079999998,0,2,7,16,1.05,0.83999997,0.87,3,2,NA,0,1
324,1,3,0,1,1,0,0,0,0,0,0,NA,NA,NA,2,20,46,5,5.25,26,0.2,NA,2,0,24,1.1799999,1.0599999,NA,5,2,0,0,1
324,2,3,0,1,1,0,0,0,0,0,0,2,1,121892,4,22,39,5,5.0500002,52,0.25,1,2,0,24,1.22,1.05,1.05,5,2,NA,0,1
333,1,1,0,1,0,1,0,0,0,0,100,NA,NA,NA,0,2,16.5,4,4.25,13,0.2,NA,2,7,15,1.02,0.88,0.81999999,4,NA,0,0,1
333,2,1,0,1,0,1,0,0,0,0,100,1,1,110992,0,3,20,3,5.0500002,13,0.18000001,0,2,7,15,1.04,0.87,0.87,3,3,NA,0,1
334,1,1,0,1,1,0,0,0,0,0,0,NA,NA,NA,0,10,10,3,5,4,0.17,NA,3,9,12.5,0.91000003,0.91000003,0.91000003,3,3,0,0,1
334,2,1,0,1,1,0,0,0,0,0,0,1,1,110992,0,0,20,3,5.0500002,26,0.18000001,NA,3,9,12.5,0.89999998,0.89999998,0.85000002,3,2,NA,0,1
335,1,1,1,1,1,0,0,0,0,0,100,NA,NA,NA,0,9,10,3,NA,13,0.17,NA,1,6,17,1.0599999,0.92000002,0.92000002,5,2,0,0,1
335,2,1,1,1,1,0,0,0,0,0,100,1,1,111892,3,7,13,3,5.0500002,26,0.13,0,1,6,17,1.05,0.94,0.94,5,2,NA,0,1
336,1,1,0,1,1,0,0,0,0,0,80,NA,NA,NA,2,28,12,4,4.5,4,0.2,NA,2,7,15,1.02,0.91000003,0.93000001,3,2,0,0,1
336,2,1,0,1,1,0,0,0,0,0,80,1,1,110992,0,10,20,5,5.0500002,6,0.2,0,2,6,16,0.94999999,1.05,0.94,3,3,NA,0,1
337,1,1,1,1,1,0,0,0,0,0,90,NA,NA,NA,0,5,29.5,5,4.8699999,NA,0.30000001,NA,3,7,17,1.0599999,0.93000001,0.93000001,4,3,0,0,1
337,2,1,1,1,1,0,0,0,0,0,90,1,1,110992,0,25,5,3,5.0500002,26,NA,0,2,7,17,NA,NA,NA,NA,NA,NA,0,1
339,1,1,1,1,1,0,0,0,0,0,70,NA,NA,NA,2,18,6,2,4.25,26,0.37,NA,3,7,16,1.0599999,0.85000002,0.94999999,3,3,0,0,1
339,2,1,1,1,1,0,0,0,0,0,70,1,1,111692,0,5,9,2,5.0500002,13,0.25,1,1,7,16,0.94999999,0.94999999,0.94999999,3,3,NA,0,1
340,1,1,0,1,1,0,0,0,0,0,30,NA,NA,NA,3,6,30,3,4.25,26,0.1,NA,2,7.5,14.5,0.95999998,0.94999999,0.85000002,5,4,0,0,1
340,2,1,0,1,1,0,0,0,0,0,30,1,1,111692,0,15,17,2,5.0500002,8,0.15000001,0,2,6,16,1.05,0.83999997,0.83999997,5,4,NA,0,1
341,1,2,1,1,1,0,0,0,0,0,33,NA,NA,NA,0,2,7,2,4.6199999,4,0.25,NA,1,11,9.5,0.94999999,0.74000001,2.3399999,3,3,0,0,1
341,2,2,1,1,1,0,0,0,0,0,33,1,1,111492,0,3,7,3,5.0500002,NA,NA,0,1,11,11,0.89999998,0.83999997,2.3199999,4,2,NA,0,1
343,1,2,1,1,1,0,0,0,0,0,43,NA,NA,NA,0,10,6,2,4.75,26,0.25,NA,2,11,10.5,0.94999999,0.74000001,2.3399999,4,3,0,0,1
343,2,2,1,1,1,0,0,0,0,0,43,1,1,111892,4,4,11,2,5.0500002,6,0.15000001,0,2,11,12,0.94999999,0.85000002,2.3199999,4,3,NA,0,1
346,1,2,1,1,1,0,0,0,0,0,NA,NA,NA,NA,0,2,10.5,2,4.25,19,0.2,NA,2,11,10,0.94999999,NA,NA,4,3,0,0,1
346,2,2,1,1,1,0,0,0,0,0,NA,1,1,111292,0,3,12,3,NA,NA,NA,0,1,11,11,0.85000002,NA,NA,NA,NA,NA,0,1
348,1,3,1,1,0,1,0,0,0,0,75,NA,NA,NA,0,3,10.5,3,4.25,13,0.2,NA,2,10.5,10.5,1.02,1.0599999,0.94999999,3,2,0,0,1
348,2,3,1,1,0,1,0,0,0,0,75,2,3,121892,1,0,0,0,NA,NA,NA,NA,NA,NA,NA,NA,NA,NA,NA,NA,NA,0,1
349,1,3,1,1,1,0,0,0,0,0,10,NA,NA,NA,1,2.5,27,5,5,6,0.15000001,NA,2,6,16,1.12,0.91000003,0.94999999,3,3,0,0,1
349,2,3,1,1,1,0,0,0,0,0,10,1,1,111192,0,0,20,4,5.0500002,4,0.18000001,0,2,7,15,1.01,1.01,0.94,3,3,NA,0,1
350,1,3,1,1,1,0,0,0,0,0,60,NA,NA,NA,0,8,9,4,4.75,13,0.37,NA,2,6,16,1.0599999,0.91000003,1.12,5,NA,0,0,1
350,2,3,1,1,1,0,0,0,0,0,60,1,1,111892,1,5,20,2,5.0500002,13,0.23,0,2,6,17,1.01,1.01,0.88999999,5,4,NA,0,1
351,1,3,1,1,1,0,0,0,0,0,NA,NA,NA,NA,1,2,27.5,3,4.25,NA,NA,NA,2,6,16,1.02,0.89999998,0.94999999,4,3,0,0,1
351,2,3,1,1,1,0,0,0,0,0,NA,1,1,111792,2,10,20,4,5.0500002,52,0.52999997,0,2,6,16,1.01,1.01,0.73000002,4,2,NA,0,1
352,1,3,1,1,0,0,1,0,0,0,50,NA,NA,NA,0,0,19,4,4.75,8,0.25,NA,2,10,11.5,1.12,0.91000003,0.99000001,2,2,0,0,1
352,2,3,1,1,0,0,1,0,0,0,50,2,5,122392,9,NA,NA,NA,NA,NA,NA,NA,NA,NA,NA,0.94999999,0.94999999,0.88999999,NA,NA,NA,0,1
353,1,3,1,1,1,0,0,0,0,0,90,NA,NA,NA,0,7.5,22.5,3,4.3699999,13,0.22,NA,2,6,16,1.0700001,0.85000002,0.94999999,5,3,0,0,1
353,2,3,1,1,1,0,0,0,0,0,90,2,1,121492,4,NA,31,4,5.0500002,28,NA,0,2,6,16,1.01,1.01,0.88999999,3,3,NA,0,1
354,1,4,0,1,1,0,0,0,0,0,10,NA,NA,NA,3,14,7,3,5.0599999,4,0.25,NA,1,10.5,10.5,0.94999999,0.86000001,0.94999999,2,2,1,0,1
354,2,4,0,1,1,0,0,0,0,0,10,1,1,111392,0,9,7,3,5.0500002,13,0.23,0,1,10.5,10.5,1,0.85000002,0.94,2,2,NA,0,1
355,1,4,0,1,0,1,0,0,0,0,100,NA,NA,NA,0,2,17,3,4.8699999,26,0.15000001,NA,1,10.5,11.5,0.94999999,0.92000002,0.94999999,2,2,1,0,1
355,2,4,0,1,0,1,0,0,0,0,100,1,1,111392,0,3,17,2,NA,NA,NA,0,1,10.5,11.5,1,0.85000002,0.88999999,2,2,NA,0,1
356,1,4,0,1,1,0,0,0,0,0,0,NA,NA,NA,3,11.5,10,4,5.0500002,13,NA,NA,1,10.5,11.5,0.94999999,0.80000001,1.0599999,2,2,1,0,1
356,2,4,0,1,1,0,0,0,0,0,0,1,1,111492,0,0,28,4,5.0500002,17,0.15000001,1,1,10.5,11.5,1,0.85000002,1.05,2,2,NA,0,1
357,1,4,0,1,0,0,1,0,0,0,100,NA,NA,NA,1,4.5,20,3,5,16,0.2,NA,1,10.5,11.5,0.94999999,0.86000001,0.94999999,2,2,0,0,1
357,2,4,0,1,0,0,1,0,0,0,100,1,1,111392,0,21,6,3,5.25,13,0.25,0,1,10.5,12.5,1,0.83999997,2.3499999,2,2,NA,0,1
359,1,1,1,1,1,0,0,0,0,0,100,NA,NA,NA,1,0,22,4,4.25,26,0.17,NA,2,7,15,1.02,0.85000002,0.81999999,3,3,0,0,1
359,2,1,1,1,1,0,0,0,0,0,100,1,1,111692,0,0,26,4,5.0500002,26,0.25,0,2,7,16,1.05,0.87,0.81999999,3,2,NA,0,1
360,1,1,0,1,1,0,0,0,0,0,100,NA,NA,NA,0,3,25,2,4.25,13,0.15000001,NA,2,7,15,1.0599999,0.83999997,0.88999999,3,3,1,0,1
360,2,1,0,1,1,0,0,0,0,0,100,1,1,111692,0,5,32,7,5.0500002,4,0.25,0,2,7,16,1.05,0.87,0.81999999,3,3,NA,0,1
361,1,1,0,1,1,0,0,0,0,0,100,NA,NA,NA,0,6,13,5,4.25,26,0.22,NA,2,7,16,1.02,0.91000003,0.85000002,3,3,0,0,1
361,2,1,0,1,1,0,0,0,0,0,100,1,1,110792,0,4,23,6,5.0500002,26,0.18000001,0,2,7,16,0.89999998,0.93000001,0.92000002,3,2,NA,0,1
362,1,2,0,1,1,0,0,0,0,0,100,NA,NA,NA,0,6,13,NA,4.25,13,0.66000003,NA,2,10.5,12.5,1.0599999,0.81,2.45,5,3,1,0,1
362,2,2,0,1,1,0,0,0,0,0,100,1,1,111292,0,24,4,4,5.0500002,13,0.18000001,0,1,10.5,12.5,1.05,0.83999997,2.4300001,5,3,NA,0,1
363,1,2,0,1,1,0,0,0,0,0,75,NA,NA,NA,2,0,25,3,4.25,18,0.18000001,NA,2,10.5,12.5,1.0599999,0.80000001,2.45,4,3,0,0,1
363,2,2,0,1,1,0,0,0,0,0,75,1,1,111292,0,14,7,2,5.1999998,4,0.13,0,2,10.5,12.5,1.01,0.80000001,2.4300001,4,4,NA,0,1
364,1,2,0,1,1,0,0,0,0,0,NA,NA,NA,NA,3,3.5,20,3,4.25,13,0.12,NA,2,11,12,0.94999999,0.85000002,2.45,4,4,1,0,1
364,2,2,0,1,1,0,0,0,0,0,NA,1,1,111492,0,1,30,4,5.0500002,52,0.25,0,1,10.5,12.5,1.05,0.83999997,2.4300001,5,3,NA,0,1
366,1,3,0,1,1,0,0,0,0,0,50,NA,NA,NA,3,2,17,3,4.5,13,0.25,NA,2,10.5,11.5,1.02,0.91000003,0.63,5,4,0,0,1
366,2,3,0,1,1,0,0,0,0,0,50,1,1,111892,1,1,19,4,5.0500002,13,0.25,0,2,10.5,11.5,1.01,0.89999998,0.63,4,3,NA,0,1
368,1,4,0,1,1,0,0,0,0,0,20,NA,NA,NA,1,0,20,3,4.25,13,0.15000001,NA,3,10.5,12.5,0.88999999,0.86000001,0.94999999,2,1,0,0,1
368,2,4,0,1,1,0,0,0,0,0,20,1,1,111392,0,0,25,2,5.0500002,19,0.15000001,0,1,10.5,11.5,1,0.85000002,0.94999999,2,2,NA,0,1
369,1,1,1,1,0,0,1,0,0,0,87,NA,NA,NA,1,0,15,4,4.3499999,18,0.12,NA,2,7,15,1.17,1.0599999,1.17,3,2,0,0,1
369,2,1,1,1,0,0,1,0,0,0,87,2,3,120992,0,0,0,0,NA,NA,NA,NA,NA,NA,NA,NA,NA,NA,NA,NA,NA,0,1
370,1,1,0,1,0,0,1,0,0,0,80,NA,NA,NA,0,20,11.5,3.3,4.8499999,18,0.25,NA,3,7,16,1.0599999,0.94999999,0.94999999,3,2,0,0,1
370,2,1,0,1,0,0,1,0,0,0,80,1,1,110792,0,26,5,3,5.0500002,NA,0.1,1,3,7,16,NA,NA,NA,3,2,NA,0,1
371,1,1,0,1,0,0,1,0,0,0,100,NA,NA,NA,0,12,23,4,5,13,0.15000001,NA,2,7,16,1.0599999,1.02,0.94999999,3,3,0,0,1
371,2,1,0,1,0,0,1,0,0,0,100,1,1,110792,0,11,22,5,5.25,26,NA,0,3,7,16,NA,NA,NA,4,2,NA,0,1
372,1,1,1,1,0,0,1,0,0,0,30,NA,NA,NA,2,0,45,5,NA,26,0.15000001,NA,3,6.5,19,1.1,0.94999999,1.1,4,NA,1,0,1
372,2,1,1,1,0,0,1,0,0,0,30,1,1,111792,1,30,20,5,5.0500002,8,0.079999998,0,2,6.5,18.5,1.0599999,1.05,1.04,4,3,NA,0,1
373,1,1,1,1,0,0,1,0,0,0,100,NA,NA,NA,0,14,12,4,5,4,0.25,NA,2,6.5,15.5,1.01,0.94999999,1.03,6,3,0,0,1
373,2,1,1,1,0,0,1,0,0,0,100,1,1,110792,0,18,15,4,5.0500002,13,0.25,1,2,6.5,15.5,1.1,0.94,1.02,6,5,NA,0,1
375,1,1,0,1,0,0,1,0,0,0,0,NA,NA,NA,3,25,10,4,5.25,26,0.25,NA,1,7,15,1.02,0.80000001,NA,4,2,1,0,1
375,2,1,0,1,0,0,1,0,0,0,0,1,1,111692,1,0,25,4,5.5,26,0.1,1,1,7,15,1.05,0.94,1.01,3,3,NA,0,1
376,1,1,0,1,0,0,1,0,0,0,NA,NA,NA,NA,3,4,10,4,4.5,13,0.1,NA,2,8,14,0.94999999,0.94999999,0.95999998,8,4,0,0,1
376,2,1,0,1,0,0,1,0,0,0,NA,1,1,111792,2,0,17,3,5.0500002,15,0.2,1,2,8,14,1.26,1.01,1,3,3,NA,0,1
377,1,1,0,1,0,0,1,0,0,0,90,NA,NA,NA,3,12,6,3,4.25,26,0.15000001,NA,2,8,14,1.0599999,0.94999999,0.94999999,3,2,1,0,1
377,2,1,0,1,0,0,1,0,0,0,90,1,1,110792,0,11,12,3,5.0500002,26,0.2,0,2,8,14,1.05,0.94999999,0.94,3,1,NA,0,1
378,1,1,1,1,0,0,1,0,0,0,NA,NA,NA,NA,4,10,8,4,5,52,0.1,NA,2,6.5,18.5,1.1,0.95999998,1.1,5,5,0,0,1
378,2,1,1,1,0,0,1,0,0,0,NA,1,1,110792,0,20,15,4,5.0500002,52,0.25,1,2,6,19,1.05,0.99000001,1.03,6,4,NA,0,1
379,1,1,0,1,0,0,1,0,0,0,30,NA,NA,NA,0,20,12,4,4.6199999,26,0.17,NA,3,7,16,1.0599999,1.0599999,0.94999999,3,2,0,0,1
379,2,1,0,1,0,0,1,0,0,0,30,1,1,111792,1,28,6,3,5.0500002,52,0.15000001,1,1,7,16,1.0599999,1.0599999,1.0599999,3,2,NA,0,1
380,1,1,0,1,0,0,1,0,0,0,50,NA,NA,NA,0,10,15,3,4.5,52,0.2,NA,3,7,16,1.0599999,0.94999999,0.94999999,3,2,0,0,1
380,2,1,0,1,0,0,1,0,0,0,50,1,1,110792,0,15,14,3,5.0500002,26,0.13,0,1,7,16,1.05,0.94,0.94,3,2,NA,0,1
381,1,1,0,1,0,0,1,0,0,0,0,NA,NA,NA,0,10,20,4,5,13,0.5,NA,2,6.5,16.5,1.27,1.17,1.1,4,2,1,0,1
381,2,1,0,1,0,0,1,0,0,0,0,1,1,111692,0,15,15,5,5.0500002,8,0.47,1,2,6.5,16.5,1.37,1.16,1.16,4,2,NA,0,1
383,1,1,0,1,0,0,1,0,0,0,30,NA,NA,NA,3,6,4,2,4.5,26,0.25,NA,1,7,16,1.15,0.94999999,0.94999999,2,2,0,0,1
383,2,1,0,1,0,0,1,0,0,0,30,1,1,111892,2,7,2,2,5.0500002,26,0.38,0,1,7,16,1.16,1.01,1.05,2,2,NA,0,1
384,1,1,0,1,0,0,1,0,0,0,NA,NA,NA,NA,3,NA,NA,3,4.6500001,26,0.25,NA,2,7,16,1.0599999,0.94999999,0.94999999,3,2,0,0,1
384,2,1,0,1,0,0,1,0,0,0,NA,1,1,110792,0,0,30,3,5.0500002,26,0.1,0,3,7,16,1.05,1.05,0.88999999,3,2,NA,0,1
385,1,1,0,1,0,0,1,0,0,0,25,NA,NA,NA,2,16,14,3,4.25,NA,0.15000001,NA,1,7,17,NA,NA,NA,3,2,1,0,1
385,2,1,0,1,0,0,1,0,0,0,25,2,1,120992,4,15,14,3,5.0500002,28,0.1,0,2,7,17,1.16,1.22,0.41,3,3,NA,0,1
386,1,1,0,1,0,0,1,0,0,0,NA,NA,NA,NA,0,0,19,3,4.25,39,0.25,NA,1,7,17,1.0599999,0.94999999,0.94999999,3,2,0,0,1
386,2,1,0,1,0,0,1,0,0,0,NA,1,1,111692,0,14,10,4,5.0500002,26,0.25,0,1,7,17,1.05,0.94999999,0.94999999,4,2,NA,0,1
391,1,2,0,1,0,0,1,0,0,0,12,NA,NA,NA,3,15,5,2,4.25,6,0.12,NA,2,11,10,1.0599999,1.0599999,2.6600001,3,3,0,0,1
391,2,2,0,1,0,0,1,0,0,0,12,1,1,111492,2,12,7,2,5.0500002,NA,NA,0,2,11,10,1.05,1.05,2.6400001,4,3,NA,0,1
393,1,2,1,1,0,0,1,0,0,0,100,NA,NA,NA,4,4,10,3,4.6199999,2,0.25,NA,2,11,11,1.17,1.27,2.77,3,2,0,0,1
393,2,2,1,1,0,0,1,0,0,0,100,1,1,111792,3,18,4,3,5.25,13,0.25,1,1,11,11,1.16,1.26,2.75,3,2,NA,0,1
396,1,3,1,1,0,0,1,0,0,0,10,NA,NA,NA,1,24,16,4,4.8699999,9,0.37,NA,2,6,17,1.27,1.0700001,2.1300001,5,3,0,0,1
396,2,3,1,1,0,0,1,0,0,0,10,1,1,111192,0,8,30,3,5.4000001,26,0.1,0,2,7,16,1.11,1.05,1.05,5,3,NA,0,1
397,1,3,1,1,0,0,1,0,0,0,85,NA,NA,NA,2,4,28,3,4.25,52,0.62,NA,2,6,17,1.12,1.02,1.0599999,4,3,0,0,1
397,2,3,1,1,0,0,1,0,0,0,85,2,1,122892,9,6,15,3,5.0500002,52,0.23999999,0,2,6,17,1.17,1.0599999,2.1099999,4,3,NA,0,1
398,1,3,1,1,0,0,1,0,0,0,25,NA,NA,NA,1,14,13,4,4.75,13,0.15000001,NA,2,6,17,1.12,1.0599999,1.0599999,5,4,0,0,1
398,2,3,1,1,0,0,1,0,0,0,25,2,1,121092,2,25,15,3,5.0500002,28,NA,0,2,6,17,1.11,1.0599999,1.05,5,3,NA,0,1
399,1,3,1,1,0,0,1,0,0,0,NA,NA,NA,NA,0,13,8,3,4.8699999,18,0.30000001,NA,2,6,17,1.27,1.04,1.12,7,3,1,0,1
399,2,3,1,1,0,0,1,0,0,0,NA,1,1,111192,0,18,18,4,5.0500002,26,0.23,0,2,7,16,1.26,1.08,1.05,7,4,NA,0,1
400,1,3,1,1,0,0,1,0,0,0,50,NA,NA,NA,0,16,15,3,4.5,39,0.5,NA,3,6,17,1.2,1.0599999,1.0599999,5,5,0,0,1
400,2,3,1,1,0,0,1,0,0,0,50,1,1,111192,0,8,24,3,5.0500002,41,0.15000001,0,2,7,16,1.17,1.01,1.05,5,3,NA,0,1
401,1,3,0,1,0,0,1,0,0,0,18,NA,NA,NA,0,8,6,4,4.25,13,0.17,NA,2,7,16,1.12,1.02,1.02,6,4,1,0,1
401,2,3,0,1,0,0,1,0,0,0,18,1,1,111792,2,5,27,4,5.0500002,26,0.15000001,0,2,6,16,1.12,1.05,1.05,6,4,NA,0,1
402,1,3,1,1,0,0,1,0,0,0,20,NA,NA,NA,2,11,10,3,4.75,26,0.25,NA,2,6,16,1.12,1.02,1.0599999,4,2,0,0,1
402,2,3,1,1,0,0,1,0,0,0,20,1,1,111692,0,17,5,2,5.0500002,26,0.13,0,2,7,15,1.11,1.05,1.05,4,1,NA,0,1
403,1,3,1,1,0,0,1,0,0,0,10,NA,NA,NA,2,13,31,NA,5.0500002,26,0.15000001,NA,2,6,18,1.09,1.12,1.0599999,5,4,0,0,1
403,2,3,1,1,0,0,1,0,0,0,10,1,1,111892,3,11,23,3,5.0500002,13,NA,1,2,7,16,1.11,1.0599999,1.05,4,4,NA,0,1
405,1,3,1,1,0,0,1,0,0,0,57,NA,NA,NA,3,6,17,3,4.3200002,26,0.12,NA,2,6,17,1.12,1.02,1.0599999,7,4,0,0,1
405,2,3,1,1,0,0,1,0,0,0,57,1,1,111692,0,1.5,15,3,5.0500002,26,0.15000001,0,2,7,16,1.12,1.01,1.05,6,3,NA,0,1
406,1,4,1,1,0,0,1,0,0,0,0,NA,NA,NA,0,12,35,4,5,NA,0.31999999,NA,1,10.5,11.5,1.02,NA,2.1400001,2,2,0,0,1
406,2,4,1,1,0,0,1,0,0,0,0,1,1,111392,0,17,22,4,5.5,13,NA,NA,1,10.5,12.5,0.83999997,0.94,1.99,2,2,NA,0,1
407,1,2,1,0,0,0,0,0,1,0,90,NA,NA,NA,0,2,12,3,4.75,52,0.12,NA,3,11,10,0.94999999,0.74000001,2.3299999,4,3,0,1,0
407,2,2,1,0,0,0,0,0,1,0,90,1,1,111492,0,1,14,3,4.25,4,0.30000001,0,1,11,11,0.94999999,0.83999997,2.53,4,3,NA,1,0
409,1,1,0,1,0,0,1,0,0,0,0,NA,NA,NA,0,3,60,2,5,39,NA,NA,1,7,15,1.1900001,0.87,0.94999999,3,3,0,0,1
409,2,1,0,1,0,0,1,0,0,0,0,1,1,111792,2,0,15,3,5.0500002,NA,NA,0,1,7,15,1.09,1.04,1.01,3,3,NA,0,1
410,1,1,0,1,0,0,1,0,0,0,NA,NA,NA,NA,0,0,35,3,4.25,26,0.1,NA,3,7,16,1.04,1.12,1.02,4,3,0,0,1
410,2,1,0,1,0,0,1,0,0,0,NA,1,1,111692,0,0,35,3,5.0500002,26,0.1,1,2,7,16,1.1900001,0.98000002,1.01,4,3,NA,0,1
411,1,1,0,1,0,0,1,0,0,0,100,NA,NA,NA,1,0,36,3,4.5,26,0.1,NA,2,7,16,1.16,1.02,1.09,5,4,0,0,1
411,2,1,0,1,0,0,1,0,0,0,100,1,1,111692,0,4,36,3,5.0500002,4,0.13,1,2,7,16,1.15,1.01,1.01,5,4,NA,0,1
412,1,2,0,1,0,1,0,0,0,0,18,NA,NA,NA,0,0,17,2,4.5,NA,0.37,NA,1,11,11,1.0599999,1.02,2.3399999,5,2,0,0,1
412,2,2,0,1,0,1,0,0,0,0,18,1,1,111292,0,0,13,2,5.0500002,NA,NA,0,1,11,11,1.15,1.05,2.6400001,5,3,NA,0,1
413,1,1,0,1,0,0,1,0,0,0,100,NA,NA,NA,0,0,36,5,4.25,9,0.5,NA,1,6,17,1.12,1.02,1.0599999,4,3,0,0,1
413,2,1,0,1,0,0,1,0,0,0,100,1,1,110792,0,0,20,3,5.0500002,26,0.13,1,1,7,17,1.11,1.01,1.05,4,2,NA,0,1
414,1,1,0,1,0,0,1,0,0,0,45,NA,NA,NA,0,0,36,5,4.25,26,NA,NA,1,7,16,1.0599999,0.94999999,1.11,4,2,0,0,1
414,2,1,0,1,0,0,1,0,0,0,45,1,1,111692,0,13,9,4,5.0500002,26,0.38,1,3,7,16,1.15,0.94999999,1.13,4,3,NA,0,1
415,1,1,0,1,0,0,1,0,0,0,65,NA,NA,NA,0,8,32,5,4.25,9,NA,NA,2,7,16,1.0599999,0.91000003,0.98000002,5,3,1,0,1
415,2,1,0,1,0,0,1,0,0,0,65,1,1,110792,0,0,38,4,5.0500002,52,NA,0,2,7,16,1.05,0.89999998,1.04,4,2,NA,0,1
417,1,1,1,1,0,0,1,0,0,0,90,NA,NA,NA,0,4,28,3,4.25,13,0.2,NA,2,7,16,1.05,0.94,1.0700001,4,4,1,0,1
417,2,1,1,1,0,0,1,0,0,0,90,1,1,110992,0,13,17,4,5.0500002,26,0.15000001,1,3,7,16,1.11,1.09,1,3,2,NA,0,1
418,1,1,0,1,0,0,1,0,0,0,10,NA,NA,NA,2,30,15,4,4.25,26,0.1,NA,2,8,15,1.02,1.01,0.51999998,4,3,1,0,1
418,2,1,0,1,0,0,1,0,0,0,10,1,1,110992,0,0,35,4,5.0500002,26,0.15000001,0,2,7,16,1.03,0.89999998,0.58999997,3,3,NA,0,1
419,1,2,1,1,0,0,1,0,0,0,15,NA,NA,NA,4,3,10,4,4.25,NA,0.5,NA,2,11,11,1.0599999,0.85000002,2.3399999,4,4,0,0,1
419,2,2,1,1,0,0,1,0,0,0,15,2,1,121592,4,5,5,2,5.0500002,NA,NA,0,1,11,11,1.05,0.83999997,2.53,4,3,NA,0,1
421,1,2,1,1,0,0,1,0,0,0,10,NA,NA,NA,3,20,10,8,4.6199999,4,0.37,NA,2,10.5,13,1.0599999,0.85000002,2.3399999,4,2,0,0,1
421,2,2,1,1,0,0,1,0,0,0,10,1,1,111792,3,25,7,8,5.0500002,4,1,0,2,10.5,13,1.05,0.83999997,2.3199999,4,2,NA,0,1
422,1,2,0,1,0,0,1,0,0,0,NA,NA,NA,NA,2,0,7,3,4.75,NA,0.25,NA,2,10,11,1.0599999,0.85000002,2.3399999,4,2,0,0,1
422,2,2,0,1,0,0,1,0,0,0,NA,1,1,111492,2,5,10,6,5.0500002,NA,NA,0,1,11,11,1.01,0.83999997,2.3199999,4,4,NA,0,1
423,1,2,1,1,0,0,1,0,0,0,33,NA,NA,NA,3,2,10,2,4.9499998,13,0.5,NA,1,11,12,1.0599999,0.85000002,2.3399999,3,2,1,0,1
423,2,2,1,1,0,0,1,0,0,0,33,1,1,111492,1,19,3.5,3,5.25,13,0.5,0,1,11,11,1.05,0.83999997,2.3199999,3,2,NA,0,1
424,1,2,1,1,0,0,1,0,0,0,45,NA,NA,NA,0,3.5,6.5,3,4.75,13,0.25,NA,1,11,11,1.0599999,0.85000002,2.3399999,5,3,0,0,1
424,2,2,1,1,0,0,1,0,0,0,45,1,1,111792,1,12,3,4,5.25,19,0.5,0,1,11,14,1.05,0.94,2.3199999,5,3,NA,0,1
426,1,3,1,1,0,0,1,0,0,0,75,NA,NA,NA,0,3,33,5,4.25,26,0.15000001,NA,2,5,19,1.1799999,1.02,1.0599999,5,3,0,0,1
426,2,3,1,1,0,0,1,0,0,0,75,1,1,111192,0,5,25,3,5.0500002,19,0.25,1,2,6,18,1.11,1.05,1.05,6,5,NA,0,1
427,1,4,0,1,0,0,1,0,0,0,40,NA,NA,NA,3,7,8,3,4.75,13,0.1,NA,2,10.5,12.5,1.0599999,0.98000002,2.03,2,2,0,0,1
427,2,4,0,1,0,0,1,0,0,0,40,2,1,121792,4,0,35,3,5.0500002,NA,NA,1,2,10.5,12.5,1.11,1.09,2.0699999,2,2,NA,0,1
428,1,4,0,1,0,0,1,0,0,0,100,NA,NA,NA,2,0,33,3,4.6199999,13,0.12,NA,2,10.5,12.5,1.0599999,0.98000002,1.0599999,2,2,0,0,1
428,2,4,0,1,0,0,1,0,0,0,100,1,1,111392,0,10,24,3,5.1399999,13,0.1,0,2,10.5,12.5,1.05,0.88999999,2.1099999,2,2,NA,0,1
430,1,1,0,0,0,0,0,1,0,0,44,NA,NA,NA,0,20,25,4,4.25,13,0.15000001,NA,2,7,15,0.94999999,0.75,0.80000001,3,3,0,1,0
430,2,1,0,0,0,0,0,1,0,0,44,1,1,110792,0,0,48,3,4.25,26,0.13,0,2,7,16,0.91000003,0.73000002,0.75,3,3,NA,1,0
432,1,1,0,0,0,0,0,1,0,0,75,NA,NA,NA,0,20,55,5,4.5,17,0.15000001,NA,2,7,16,0.94,0.74000001,0.79000002,4,3,0,1,0
432,2,1,0,0,0,0,0,1,0,0,75,1,1,110792,1,25,10,4,5.0500002,26,0.2,0,2,7,16,0.94,0.74000001,0.79000002,3,1,NA,1,0
433,1,1,0,0,0,0,0,1,0,0,75,NA,NA,NA,0,10,30,4,4.25,13,0.15000001,NA,2,7,16,0.94999999,0.73000002,0.80000001,3,3,0,1,0
433,2,1,0,0,0,0,0,1,0,0,75,2,1,123092,6,0,42,4,NA,NA,NA,0,2,7,16,0.94,0.74000001,0.74000001,3,3,NA,1,0
434,1,1,0,0,0,0,0,1,0,0,77,NA,NA,NA,2,15,50,5,4.25,6,0.25,NA,2,7,16,0.94999999,0.75,NA,3,3,0,1,0
434,2,1,0,0,0,0,0,1,0,0,77,1,1,111692,0,19,29,4,4.25,NA,NA,0,2,7,16,0.94999999,0.80000001,0.80000001,3,3,NA,1,0
435,1,1,0,0,0,0,0,1,0,0,25,NA,NA,NA,1,1,37.5,3,4.25,4,0.17,NA,2,6.5,15.5,0.94999999,0.75,0.79000002,3,3,1,1,0
435,2,1,0,0,0,0,0,1,0,0,25,1,1,110792,0,0,32,5,4.25,6,0.15000001,1,2,6.5,15.5,0.94,0.74000001,0.79000002,3,2,NA,1,0
438,1,2,0,0,0,0,0,1,0,0,11,NA,NA,NA,2,0,9,3,4.25,52,0.07,NA,2,11,8,1.01,0.83999997,2.4300001,2,1,0,1,0
438,2,2,0,0,0,0,0,1,0,0,11,1,1,111292,0,2,9,3,4.25,52,0.050000001,0,2,11,9,0.94999999,0.83999997,2.4300001,2,1,NA,1,0
440,1,4,0,0,0,0,0,1,0,0,100,NA,NA,NA,2,0,25,3,4.25,19,0.15000001,NA,2,10.5,11.5,0.88999999,0.79000002,2.01,2,2,0,1,0
440,2,4,0,0,0,0,0,1,0,0,100,1,1,111392,0,0,30,3,NA,NA,NA,0,2,10.5,11.5,1,0.80000001,1.8,2,2,NA,1,0
441,1,4,0,0,0,0,0,1,0,0,100,NA,NA,NA,2,30,10,3,4.25,4,0.25,NA,2,10.5,11.5,0.88999999,0.76999998,0.83999997,2,2,1,1,0
441,2,4,0,0,0,0,0,1,0,0,100,1,1,111392,0,0,30,3,4.25,4,0.25,0,2,10.5,11.5,1,0.80000001,1.8099999,2,2,NA,1,0
443,1,4,0,0,0,0,0,1,0,0,95,NA,NA,NA,0,4,19,4,4.25,4,0.25,NA,2,10.5,11.5,0.88999999,0.79000002,1.8,2,2,0,1,0
443,2,4,0,0,0,0,0,1,0,0,95,1,1,111392,0,5,20,4,4.3499999,17,0.18000001,0,2,10.5,11.5,1,0.80000001,1.8099999,2,2,NA,1,0
444,1,4,0,0,0,0,0,1,0,0,NA,NA,NA,NA,2,12,20,3,4.25,19,0.37,NA,2,10.5,12.5,0.88999999,0.80000001,0.83999997,2,2,0,1,0
444,2,4,0,0,0,0,0,1,0,0,NA,1,1,111392,0,10,35,4,4.5,4,0.30000001,0,2,10.5,11.5,0.88999999,NA,0.79000002,2,2,NA,1,0
445,1,1,0,0,0,0,0,0,1,0,0,NA,NA,NA,0,50,35,3,5,26,0.1,NA,2,6,18,1.04,0.88,0.94,3,3,0,1,0
445,2,1,0,0,0,0,0,0,1,0,0,1,1,110792,0,15,18,5,4.75,26,0.15000001,0,2,6,18,1.04,0.86000001,0.94,3,3,NA,1,0
446,1,1,0,0,0,0,0,0,1,0,50,NA,NA,NA,2,NA,NA,3,4.5,4,0.25,NA,2,6,18,1.03,0.83999997,0.94,NA,NA,0,1,0
446,2,1,0,0,0,0,0,0,1,0,50,1,1,110792,0,7,24,4,5,4,0.25,1,2,6,18,0.97000003,0.83999997,0.91000003,4,3,NA,1,0
448,1,1,0,0,0,0,0,0,1,0,78,NA,NA,NA,0,8,18,4,4.75,4,0.25,NA,2,6,18,0.97000003,0.83999997,0.91000003,3,3,1,1,0
448,2,1,0,0,0,0,0,0,1,0,78,1,1,111892,1,8,27,3,4.5,13,0.25,0,2,6,18,0.95999998,0.82999998,0.87,3,3,NA,1,0
449,1,1,0,0,0,0,0,0,1,0,3,NA,NA,NA,2,0,25,3,4.8699999,3.5,NA,NA,2,6,18,NA,NA,NA,4,4,0,1,0
449,2,1,0,0,0,0,0,0,1,0,3,1,1,110792,0,15,15,5,5,52,0.25,0,2,6,18,0.97000003,0.83999997,0.73000002,3,3,NA,1,0
450,1,1,0,0,0,0,0,0,1,0,50,NA,NA,NA,0,2,21,3,4.75,13,0.15000001,NA,2,6.5,16.5,0.97000003,0.81999999,0.83999997,3,3,0,1,0
450,2,1,0,0,0,0,0,0,1,0,50,1,1,111892,2,27.5,8,3,4.75,13,0.25,1,2,6,18,0.91000003,0.83999997,0.86000001,3,3,NA,1,0
451,1,1,0,0,0,0,0,0,1,0,0,NA,NA,NA,0,10,17,5,5,52,0.25,NA,2,0,24,1.05,0.83999997,0.95999998,6,4,0,1,0
451,2,1,0,0,0,0,0,0,1,0,0,1,1,111792,2,26,9,6,5,26,0.2,0,2,0,24,1.11,0.83999997,0.94,6,3,NA,1,0
454,1,2,1,0,0,0,0,0,1,0,NA,NA,NA,NA,0,1,9,3,4.5,4,0.15000001,NA,2,11,10,0.94,0.73000002,2.53,4,3,0,1,0
454,2,2,1,0,0,0,0,0,1,0,NA,1,1,111292,0,0,18,5,5,13,0.25,0,1,11,11,0.94,0.73000002,2.6400001,4,3,NA,1,0
455,1,2,1,0,0,0,0,0,1,0,0,NA,NA,NA,0,2,8,5,5.25,13,0.25,NA,1,11,10,0.73000002,0.73000002,2.3199999,2,2,0,1,0
455,2,2,1,0,0,0,0,0,1,0,0,1,1,111292,0,3,12,2,5,13,0.25,0,2,11,11,0.94,0.83999997,2.3199999,4,3,NA,1,0
458,1,2,1,0,0,0,0,1,0,0,0,NA,NA,NA,2,2,10,2,5,19,0.15000001,NA,1,11,10,0.94,0.73000002,2.3199999,4,4,0,1,0
458,2,2,1,0,0,0,0,1,0,0,0,1,1,111792,1,2,9,2,5,13,0.25,0,1,11,10.5,0.89999998,0.73000002,2.3199999,4,3,NA,1,0
459,1,3,1,0,0,0,0,0,1,0,NA,NA,NA,NA,0,5,20,3,4.25,13,0.37,NA,2,6,16,1.05,0.89999998,0.94,5,NA,0,1,0
459,2,3,1,0,0,0,0,0,1,0,NA,2,1,122292,1,0,20,5,4.3499999,28,0.15000001,1,2,7,15,1.01,1.01,0.88999999,4,2,NA,1,0
462,1,3,1,0,0,0,0,0,1,0,5,NA,NA,NA,0,2.5,20,3,5,13,0.37,NA,2,9,12.5,1.05,1.01,1.11,4,4,1,1,0
462,2,3,1,0,0,0,0,0,1,0,5,2,1,122292,1,1,25,4,4.75,13,0.2,0,2,9,12,1.01,1.01,0.88999999,6,3,NA,1,0
466,1,4,0,0,0,0,0,0,1,0,65,NA,NA,NA,2,8,17.5,4,4.75,17,0.30000001,NA,3,10.5,11.5,0.94,0.80000001,0.94,2,2,1,1,0
466,2,4,0,0,0,0,0,0,1,0,65,1,1,111892,5,14,12,3,NA,52,NA,0,1,10.5,11.5,0.94,NA,NA,2,2,NA,1,0
468,1,1,0,0,0,0,0,0,1,0,0,NA,NA,NA,0,40,30,3,5,13,0.17,NA,2,6,18,0.94999999,0.94,0.94999999,4,3,0,1,0
468,2,1,0,0,0,0,0,0,1,0,0,1,1,110792,0,9,32,4,5,26,0.13,1,2,6,18,0.97000003,0.83999997,0.86000001,4,3,NA,1,0
469,1,1,0,0,0,0,0,0,1,0,80,NA,NA,NA,0,8,27,5,5,39,0.25,NA,2,6,18,0.92000002,0.72000003,0.95999998,3,2,0,1,0
469,2,1,0,0,0,0,0,0,1,0,80,1,1,111692,1,7,39,4,4.5,41,0.23,0,2,6,18,0.92000002,0.81,0.87,3,3,NA,1,0
470,1,1,0,0,0,0,0,0,1,0,0,NA,NA,NA,0,10.5,30,3,5.5,NA,0.30000001,NA,2,6,18,0.97000003,0.83999997,0.94,3,3,0,1,0
470,2,1,0,0,0,0,0,0,1,0,0,1,1,111792,2,18,10,3,4.75,13,0.15000001,1,2,6,18,1.03,0.83999997,0.94,3,2,NA,1,0
471,1,1,0,0,0,0,0,0,1,0,50,NA,NA,NA,2,25,20,4,4.25,26,NA,NA,2,6,18,0.97000003,0.83999997,0.91000003,2,2,0,1,0
471,2,1,0,0,0,0,0,0,1,0,50,1,1,111692,0,12,23,3,4.25,26,0.15000001,0,2,6,18,0.97000003,0.86000001,0.91000003,3,1,NA,1,0
472,1,1,0,0,0,0,0,0,1,0,80,NA,NA,NA,2,37.5,2,3,4.25,52,NA,NA,2,6.5,16.5,0.97000003,1.05,0.91000003,3,3,0,1,0
472,2,1,0,0,0,0,0,0,1,0,80,1,1,110792,0,8,25,3,4.9000001,13,0.18000001,0,2,6,17,0.95999998,0.83999997,0.91000003,3,3,NA,1,0
473,1,1,0,0,0,0,0,0,1,0,50,NA,NA,NA,0,5,27,4,4.75,26,0.5,NA,2,6,17,0.97000003,0.86000001,0.88999999,3,2,1,1,0
473,2,1,0,0,0,0,0,0,1,0,50,1,1,111792,1,26,15,2,4.5,19,0.13,0,2,6,17,0.97000003,0.83999997,0.86000001,3,3,NA,1,0
474,1,1,0,0,0,0,0,0,1,0,0,NA,NA,NA,2,6,9,3,5,26,0.37,NA,2,9,12.5,1.13,0.98000002,1.01,3,1,0,1,0
474,2,1,0,0,0,0,0,0,1,0,0,2,1,122292,1,5,20,3,4.5,NA,0,0,2,8.5,13,1.09,0.94,0.94,3,2,NA,1,0
475,1,1,0,0,0,0,0,0,1,0,60,NA,NA,NA,1,25,8,3,4.5,NA,NA,NA,1,7,15,1.02,0.88999999,0.89999998,3,3,0,1,0
475,2,1,0,0,0,0,0,0,1,0,60,1,1,110792,0,10,16,3,4.5,26,0.15000001,0,1,7,15,1.02,0.94,0.89999998,3,3,NA,1,0
476,1,1,0,0,0,0,0,1,0,0,60,NA,NA,NA,2,6,30,3,4.25,52,0.12,NA,2,6,18,0.94999999,0.79000002,0.91000003,3,3,0,1,0
476,2,1,0,0,0,0,0,1,0,0,60,1,1,111792,1,5,30,3,4.75,52,0.2,0,2,6,18,0.95999998,0.83999997,1.1799999,3,3,NA,1,0
477,1,1,0,0,0,0,0,0,1,0,50,NA,NA,NA,1,8,28,4,4.25,39,0.12,NA,2,6.5,16.5,0.97000003,0.77999997,0.99000001,3,3,1,1,0
477,2,1,0,0,0,0,0,0,1,0,50,1,1,110792,0,6,20,4,6.25,26,0.5,0,2,6,17,0.95999998,0.83999997,0.88999999,3,3,NA,1,0
478,1,1,0,0,0,0,0,1,0,0,30,NA,NA,NA,0,32,25,4,4.5,13,0.22,NA,2,6,19,0.97000003,0.86000001,0.91000003,3,3,0,1,0
478,2,1,0,0,0,0,0,1,0,0,30,2,1,122292,1,8,30,4,4.3499999,13,0.25,0,2,6,18,1.01,0.88,0.91000003,3,2,NA,1,0
481,1,2,1,0,0,0,0,0,1,0,0,NA,NA,NA,2,5,17.5,3,5.25,26,0.25,NA,3,11,10,0.94999999,0.74000001,2.53,5,4,1,1,0
481,2,2,1,0,0,0,0,0,1,0,0,1,1,111792,2,15,4,3,5,26,0.25,1,2,11,11,0.74000001,0.73000002,2.53,3,3,NA,1,0
483,1,2,1,0,0,0,0,0,1,0,0,NA,NA,NA,0,1,15,1,5,13,0.07,NA,2,11,10,0.94,0.73000002,2.3199999,4,3,1,1,0
483,2,2,1,0,0,0,0,0,1,0,0,1,1,111292,0,4,13,3,4.75,13,0.18000001,0,1,11,11,0.94999999,0.74000001,2.3299999,4,3,NA,1,0
485,1,2,1,0,0,0,0,0,1,0,80,NA,NA,NA,2,1,9,3,4.5,26,0.37,NA,2,11,10,0.94999999,0.74000001,2.3299999,4,3,0,1,0
485,2,2,1,0,0,0,0,0,1,0,80,1,1,111292,0,4,12,3,4.5,19,NA,0,2,11,11,1.01,0.73000002,2.3199999,4,3,NA,1,0
487,1,3,1,0,0,0,0,0,1,0,0,NA,NA,NA,0,10,6,2,5,13,0.17,NA,2,10,11.5,1.11,0.91000003,0.94999999,6,3,1,1,0
487,2,3,1,0,0,0,0,0,1,0,0,1,1,111192,0,6,20,3,4.75,26,0.1,0,2,10.5,11,1.05,1.01,0.94,6,1,NA,1,0
488,1,3,0,0,0,0,0,0,1,0,0,NA,NA,NA,1,20,13,3,5,13,0.25,NA,2,6,16,1.05,0.79000002,1.01,5,5,1,1,0
488,2,3,0,0,0,0,0,0,1,0,0,1,1,111192,0,5,15,3,4.75,26,0.13,0,2,7,15,1.01,1.01,0.94,5,3,NA,1,0
489,1,3,0,0,0,0,0,0,1,0,6,NA,NA,NA,2,5,23,2,5,13,0.37,NA,2,7,14,1.05,1.01,0.94,4,4,1,1,0
489,2,3,0,0,0,0,0,0,1,0,6,1,1,111892,2,2,19,3,4.25,26,0.13,0,2,10,11.5,1.01,1.01,1.05,6,3,NA,1,0
490,1,3,1,0,0,0,0,0,1,0,0,NA,NA,NA,0,10,12.5,4,5,13,0.12,NA,2,6,16,1.05,1.01,1.05,4,4,0,1,0
490,2,3,1,0,0,0,0,0,1,0,0,1,1,111692,1,2,18,3,5,26,0.28,0,2,6,16,1.01,1.01,1.05,5,3,NA,1,0
491,1,3,0,0,0,0,0,0,1,0,100,NA,NA,NA,0,4,25,2,4.5,13,0.37,NA,2,8.5,13,1.05,0.91000003,0.94999999,3,2,0,1,0
491,2,3,0,0,0,0,0,0,1,0,100,2,3,123092,3,0,0,0,NA,NA,NA,NA,NA,NA,NA,NA,NA,NA,NA,NA,NA,1,0
492,1,3,1,0,0,0,0,0,1,0,75,NA,NA,NA,0,2,16,3,4.5,13,0.25,NA,2,9,12.5,1.11,1.05,0.94,2,1,0,1,0
492,2,3,1,0,0,0,0,0,1,0,75,1,1,111192,0,4,15,2,4.5,19,0.1,0,2,9,12.5,1.11,1.11,1.05,2,1,NA,1,0
493,1,3,1,0,0,0,0,1,0,0,0,NA,NA,NA,0,27,12,3,5,26,0.25,NA,2,6,16,1.05,0.89999998,2.01,6,3,0,1,0
493,2,3,1,0,0,0,0,1,0,0,0,1,1,111192,0,0,30,4,4.9000001,13,0.25,0,2,6,16,1.02,1.01,0.83999997,3,3,NA,1,0
495,1,3,0,0,0,0,0,0,1,0,2,NA,NA,NA,2,4,28,3,5,26,0.25,NA,2,7,15,1.05,1.01,0.94,3,3,0,1,0
495,2,3,0,0,0,0,0,0,1,0,2,1,1,111192,0,8,20,3,5,26,0.25,1,2,6,16,0.95999998,1.01,1.01,5,3,NA,1,0
496,1,3,1,0,0,0,0,0,1,0,0,NA,NA,NA,0,10,15,3,5,13,0.17,NA,2,6,16,1.05,0.89999998,0.73000002,5,3,1,1,0
496,2,3,1,0,0,0,0,0,1,0,0,1,1,111192,0,10,10,3,4.75,19,0.18000001,0,2,6,16,1.01,1.01,0.88999999,NA,NA,NA,1,0
497,1,4,1,0,0,0,0,0,1,0,37,NA,NA,NA,0,12,15,3,4.5,13,0.15000001,NA,2,10,12,0.91000003,0.83999997,0.83999997,2,2,1,1,0
497,2,4,1,0,0,0,0,0,1,0,37,1,1,111392,0,NA,NA,5,NA,NA,NA,0,2,10,12,1.01,0.89999998,0.79000002,2,2,NA,1,0
498,1,4,1,0,0,0,0,0,1,0,75,NA,NA,NA,2,20,10,3,4.75,26,0.1,NA,2,10,12,0.91000003,0.83999997,0.85000002,2,2,1,1,0
498,2,4,1,0,0,0,0,0,1,0,75,1,1,111792,2,21,5.5,3,5,26,NA,1,2,10,12,0.98000002,0.83999997,0.89999998,2,2,NA,1,0
499,1,4,1,0,0,0,0,0,1,0,11,NA,NA,NA,0,0,28,5,5,26,0.07,NA,2,10,12,0.89999998,0.69,1.75,2,2,1,1,0
499,2,4,1,0,0,0,0,0,1,0,11,1,1,111492,1,0,31,5,5,26,0.1,1,2,10,12,0.89999998,0.69,0.94,2,2,NA,1,0
501,1,1,0,0,0,0,0,0,1,0,63,NA,NA,NA,0,14,15,3,4.25,4,0.37,NA,2,6.5,16.5,0.83999997,0.83999997,0.94,3,3,1,1,0
501,2,1,0,0,0,0,0,0,1,0,63,1,1,111792,2,30,15,6,4.75,4,0.34999999,1,1,6,18,1.03,0.91000003,0.91000003,3,3,NA,1,0
503,1,1,0,0,0,0,0,0,1,0,100,NA,NA,NA,2,7.5,14,4,4.75,NA,0.12,NA,2,6.5,16.5,0.97000003,0.83999997,0.91000003,3,3,0,1,0
503,2,1,0,0,0,0,0,0,1,0,100,1,1,110792,0,35,6.5,3,4.5,13,0.15000001,0,2,6,18,0.97000003,0.83999997,1,3,3,NA,1,0
506,1,2,1,0,0,0,0,1,0,0,30,NA,NA,NA,0,3,7,2,NA,13,0.37,NA,2,11,10,0.94999999,0.74000001,2.3299999,3,3,0,1,0
506,2,2,1,0,0,0,0,1,0,0,30,1,1,111292,0,3,7,4,5,19,0.25,NA,1,11,11,0.94999999,0.74000001,2.3299999,4,3,NA,1,0
509,1,3,1,0,0,0,0,0,1,0,30,NA,NA,NA,2,3,16,3,5,13,0.25,NA,2,6,16,1.05,0.94999999,1.16,6,3,0,1,0
509,2,3,1,0,0,0,0,0,1,0,30,1,1,111192,0,5.5,10,3,4.25,26,0.2,0,2,6.5,15.5,1,1.01,0.94,3,2,NA,1,0
510,1,3,1,0,0,0,0,0,1,0,60,NA,NA,NA,0,7,25,4,4.25,26,0.25,NA,2,6,16,1.05,0.91000003,1.05,3,3,0,1,0
510,2,3,1,0,0,0,0,0,1,0,60,1,1,111892,2,2.5,17.5,3,NA,13,NA,1,2,7,15,1.05,1.01,NA,5,3,NA,1,0
511,1,3,1,0,0,0,0,0,1,0,75,NA,NA,NA,0,4,16,3,4.75,9,0.15000001,NA,2,6,16.5,1.01,0.91000003,1.05,4,4,0,1,0
511,2,3,1,0,0,0,0,0,1,0,75,1,1,111192,0,3,13,3,4.75,NA,NA,0,2,7,15,1.01,1.01,0.88999999,6,2,NA,1,0
514,1,3,0,0,0,0,0,0,1,0,25,NA,NA,NA,0,5,20,3,4.5,26,0.25,NA,2,6,16,0.94,0.89999998,0.94,5,3,0,1,0
514,2,3,0,0,0,0,0,0,1,0,25,1,1,111192,1,23,16,3,4.25,10,0.2,0,2,6,16,0.94999999,0.94999999,1.05,6,4,NA,1,0
515,1,3,1,0,0,0,0,0,1,0,33,NA,NA,NA,0,7,16,4,5,13,0.2,NA,2,6,16,1.05,0.94,1.16,5,3,0,1,0
515,2,3,1,0,0,0,0,0,1,0,33,1,1,111192,0,5,19,3,4.75,13,0.18000001,0,2,6,16,1.01,1.01,0.94,5,4,NA,1,0
516,1,3,1,0,0,0,0,0,1,0,23,NA,NA,NA,2,6,22.5,3,4.75,13,0.12,NA,3,6,16,1.05,0.91000003,1.05,4,3,0,1,0
516,2,3,1,0,0,0,0,0,1,0,23,1,1,111692,0,2,12,2,4.9099998,14,0.18000001,1,2,8,14,1.01,0.94999999,0.88999999,5,3,NA,1,0
521,1,1,0,0,0,0,0,1,0,0,50,NA,NA,NA,0,2.5,20,3,4.25,13,NA,NA,2,6.5,16.5,NA,NA,0.51999998,4,4,1,1,0
521,2,1,0,0,0,0,0,1,0,0,50,1,1,110792,0,0,12,8,4.4000001,13,0.13,1,2,7,16,0.41,0.83999997,0.88999999,4,2,NA,1,0
522,1,1,0,0,0,0,0,1,0,0,75,NA,NA,NA,2,2,30,4,4.3499999,26,0.2,NA,3,7,16,1,0.87,0.94,3,3,0,1,0
522,2,1,0,0,0,0,0,1,0,0,75,1,1,110792,0,3,23,3,4.25,26,0.15000001,0,3,7,16,1,0.74000001,0.94999999,3,3,NA,1,0
523,1,4,1,1,0,0,1,0,0,0,0,NA,NA,NA,2,5,10,2,5.75,26,0.15000001,NA,2,11,10.5,1.17,1.17,1.38,1,1,1,0,1
523,2,4,1,1,0,0,1,0,0,0,0,1,1,111392,0,8,7,3,5.5,26,0.15000001,0,2,11,10.5,1.05,1.16,2.3199999,1,1,NA,0,1
