store_id,interview,chain,co_owned,state,southj,centralj,northj,pa1,pa2,shore,pct_aff,type,status,date,ncalls,full_time,part_time,managers,wage_st,inc_time,first_inc,special,meals,open_hr,hrs_open,p_soda,p_fry,p_entree,n_regs,n_regs11,bonus
1,1,1,0,1,0,1,0,0,0,0,80,,,,0,16,30,4,4.5,,.25,,3,7,16,.93000001,.82999998,.85000002,4,3,0
1,2,1,0,1,0,1,0,0,0,0,80,1,1,110592,,20,40,4,5.0500002,,,0,2,7,16,1.05,.79000002,.89999998,4,3,
2,1,1,0,1,0,1,0,0,0,0,80,,,,0,10,6,3,4.75,26,.5,,1,7,14,1.0599999,.91000003,.95999998,2,2,1
2,2,1,0,1,0,1,0,0,0,0,80,1,1,110592,,7.5,10,3,5.25,19,.38,1,1,7,15,1.05,1.01,.94,2,2,
3,1,2,0,1,0,1,0,0,0,0,50,,,,3,6,13,3,4.25,13,.25,,2,11,10,1.0599999,.94999999,3.0899999,5,3,1
3,2,2,0,1,0,1,0,0,0,0,50,1,1,111792,2,4,7,3,5.0500002,26,.25,0,1,11,11,1.05,.94,2.75,5,3,
4,1,3,0,1,0,1,0,0,0,0,50,,,,0,10,12,3,4.75,4,.25,,2,9,12.5,1.0599999,1,2.1300001,8,4,0
4,2,3,0,1,0,1,0,0,0,0,50,1,1,110592,,5,30,4,5.0500002,26,.28,0,2,8,13.5,1.22,1.37,.88999999,6,4,
5,1,3,0,1,0,1,0,0,0,0,,,,,0,5,30,4,4.5,13,.17,,1,6,17,.94999999,,2.1300001,5,4,0
5,2,3,0,1,0,1,0,0,0,0,,1,1,111892,2,10,30,4,5.1500001,4,.18000001,0,2,6,17,1.05,.94,.94,5,5,
6,1,3,1,1,0,1,0,0,0,0,100,,,,2,2,2,2,5,13,.25,,1,11,7,1.2,1.17,2.3499999,4,2,0
6,2,3,1,1,0,1,0,0,0,0,100,1,1,111792,1,5,2,2,5.0500002,13,.15000001,0,1,10,8,1.11,1.01,2.23,4,2,
8,1,4,0,1,0,1,0,0,0,0,,,,,0,,25,4,4.8000002,,.15000001,,1,10.5,12,1.02,.91000003,2.28,2,1,0
8,2,4,0,1,0,1,0,0,0,0,,1,1,110592,,15,25,3,5.0500002,26,.33000001,0,2,10,13,1.01,1.01,.94,2,2,
9,1,1,0,1,0,1,0,0,0,0,35,,,,2,12,40,4,4.3699999,26,.15000001,,2,7,16,1.04,.67000002,.85000002,4,4,0
9,2,1,0,1,0,1,0,0,0,0,35,1,1,110592,,0,32,4,5.0500002,26,.13,0,2,7,16,1.11,.92000002,1.01,4,3,
10,1,1,0,1,0,1,0,0,0,0,80,,,,0,15,20,4,4.25,39,.17,,2,7,16,1.04,.85000002,.85000002,3,3,0
10,2,1,0,1,0,1,0,0,0,0,80,1,1,110592,,15,15,4,5.0500002,4,.28,0,2,7,16,.94,.87,.94,3,2,
11,1,1,0,1,0,1,0,0,0,0,80,,,,2,10,30,4,4.25,26,.1,,2,7,16,1.09,.88999999,.91000003,3,3,0
11,2,1,0,1,0,1,0,0,0,0,80,1,1,111792,1,12,24,3,5.0500002,,,0,2,7,16,1.05,.87,.94,3,2,
12,1,1,0,1,0,1,0,0,0,0,100,,,,0,6.5,23.5,3,4.3699999,9,.1,,2,7,16,1.05,.79000002,.91000003,3,3,0
12,2,1,0,1,0,1,0,0,0,0,100,1,1,111892,3,15,15,4,5.0500002,26,.25,0,3,7,16,1.01,.92000002,.94,3,2,
13,1,2,0,1,0,1,0,0,0,0,100,,,,0,0,25,3,4.5,7,.25,,2,11,10,1.0599999,.94999999,2.6600001,5,4,0
13,2,2,0,1,0,1,0,0,0,0,100,1,1,111792,1,2,11,3,5,13,.25,0,1,11,11,1.01,.94,2.75,4,3,
14,1,2,0,1,0,1,0,0,0,0,0,,,,0,10,8,2,5.1199999,6,.25,,3,11,11,1.0599999,.85000002,2.49,6,5,0
14,2,2,0,1,0,1,0,0,0,0,0,1,1,110592,,4,17,3,5.0500002,13,.25,1,2,11,11,1.05,.94,2.5999999,6,3,
15,1,3,0,1,0,1,0,0,0,0,95,,,,3,3,25,4,4.5999999,9,.15000001,,2,6,17,1.02,.98000002,.94999999,5,4,1
15,2,3,0,1,0,1,0,0,0,0,95,2,1,121092,5,5,20,3,5.0500002,,.25,0,2,6,17,1.05,1.01,2,3,3,
16,1,3,0,1,0,1,0,0,0,0,50,,,,0,6,22,4,4.5,13,.25,,2,6,17,1,1,,5,5,0
16,2,3,0,1,0,1,0,0,0,0,50,1,1,110592,,7,17,3,5.0500002,19,.25,0,2,6,17,1.05,1.01,.94,5,5,
17,1,3,0,1,0,1,0,0,0,0,60,,,,0,0,20,4,4.3699999,13,.25,,2,6,17,1.0599999,1,2.02,6,5,0
17,2,3,0,1,0,1,0,0,0,0,60,1,1,111692,1,4,35,4,5.0500002,13,.2,0,2,6,17,1.05,.94,.94999999,6,5,
18,1,3,0,1,0,1,0,0,0,0,50,,,,2,15,25,3,4.25,13,,,2,6,17,,,,4,4,0
18,2,3,0,1,0,1,0,0,0,0,50,1,1,110592,,8,38,5,5.0500002,,.25,1,2,6,17,1.05,1,.63,7,7,
19,1,1,0,1,1,0,0,0,0,0,50,,,,3,4,31,4,4.25,4,.25,,2,6,16,1.05,.91000003,.93000001,3,3,0
19,2,1,0,1,1,0,0,0,0,0,50,1,1,110592,,6,44,5,5.0500002,52,.30000001,0,2,6,16,1.04,.93000001,.94999999,2,2,
21,1,2,0,1,1,0,0,0,0,0,90,,,,0,5,12,3,4.4499998,6,.1,,2,10.5,10.5,1.0599999,.80000001,2.1300001,3,3,0
21,2,2,0,1,1,0,0,0,0,0,90,1,1,111492,1,0,11,2,5.0500002,,,0,2,11,10,.94,.94,2.4300001,3,3,
22,1,3,0,1,1,0,0,0,0,0,90,,,,2,3,15,4,4.3499999,26,.12,,2,7,16,1.0599999,.83999997,.94999999,4,1,0
22,2,3,0,1,1,0,0,0,0,0,90,1,1,110592,,3,15,2,5.0500002,19,.13,0,2,7,15,1.05,1.05,.94,4,4,
23,1,1,0,1,0,0,1,0,0,0,75,,,,2,0,25,3,4.5,26,.12,,2,7,16,1.0599999,.94999999,.94999999,3,2,0
23,2,1,0,1,0,0,1,0,0,0,75,1,1,111792,1,14,14,3,5.0500002,,,0,1,6.5,16.5,1.05,.94,.94,3,2,
24,1,1,0,1,0,1,0,0,0,0,40,,,,2,15,15,4,4.75,13,.25,,2,7,16,1.0599999,.94999999,1.01,4,3,1
24,2,1,0,1,0,1,0,0,0,0,40,2,1,122192,3,15,20,4,5.0500002,52,.15000001,0,2,,,1.05,.94,1,4,3,
26,1,1,0,1,0,0,1,0,0,0,,,,,3,30,15,4,5.5599999,6,,,2,7,16,1.0599999,.91000003,.98000002,4,2,1
26,2,1,0,1,0,0,1,0,0,0,,1,1,111792,2,10,20,4,5.0500002,,,0,2,7,16,1.01,.94,.94,5,4,
27,1,2,1,1,0,1,0,0,0,0,0,,,,2,4,10,4,5,,.37,,1,11,10,1.0599999,.85000002,2.3399999,4,3,0
27,2,2,1,1,0,1,0,0,0,0,0,1,1,111292,,0,7,4,5.0500002,26,.25,0,1,11,10,1.05,.83999997,2.53,4,3,
28,1,2,0,1,0,0,1,0,0,0,10,,,,6,0,14,1,4.5,,.25,,2,11,10,1.0599999,1.17,2.5599999,2,1,0
28,2,2,0,1,0,0,1,0,0,0,10,1,1,111892,3,6,2,3,,,,0,1,11,10,,1.05,2.6400001,3,2,
29,1,2,0,1,0,0,1,0,0,0,,,,,3,0,7,2,4.5,4,.25,,2,11,11,1.0599999,1.01,2.5599999,3,2,0
29,2,2,0,1,0,0,1,0,0,0,,1,1,111292,,0,13,3,5.0500002,26,.25,0,1,11,11,1.05,1.05,2.6400001,3,3,
30,1,2,0,1,0,0,1,0,0,0,0,,,,4,6,4,2,5,13,.37,,1,11,10,1.0599999,1.0599999,2.53,2,2,0
30,2,2,0,1,0,0,1,0,0,0,0,1,1,111292,,4,3,2,5.0500002,19,.25,1,1,11,10,.94,.92000002,2.6900001,2,2,
31,1,2,0,1,0,1,0,0,0,0,0,,,,2,4,16,3,5.25,13,.15000001,,2,11,11,1.03,1.0599999,2.5599999,4,3,0
31,2,2,0,1,0,1,0,0,0,0,0,1,1,111492,3,6,15,5,5.0500002,26,.25,0,1,10.5,12.5,1,1.05,2.6400001,4,4,
32,1,3,0,1,0,0,1,0,0,0,40,,,,0,10,20.5,3,4.5,26,.25,,2,10.5,11.5,1.12,1.02,1.0599999,4,3,0
32,2,3,0,1,0,0,1,0,0,0,40,1,1,111792,1,2,25,3,5.0500002,26,.23,0,2,10.5,11.5,1.22,1.11,2.28,4,4,
33,1,3,0,1,0,0,1,0,0,0,7,,,,0,12,20,4,5,26,.25,,2,6,17,1.02,1.0700001,.94999999,5,4,0
33,2,3,0,1,0,0,1,0,0,0,7,1,1,111392,,6,11,5,5.0500002,,.2,0,2,6,17,1.11,1.0599999,1.05,4,2,
34,1,3,1,1,0,0,1,0,0,0,75,,,,0,5,15,3,4.9499998,26,,,2,10.5,11.5,1.12,1.02,1.0599999,5,3,0
34,2,3,1,1,0,0,1,0,0,0,75,1,1,111392,,11,7,3,5.0500002,26,.5,0,2,10.5,11.5,1.22,1.11,.73000002,5,2,
35,1,4,0,1,0,0,1,0,0,0,,,,,2,25,6.5,4,4.5,9,.25,,2,10.5,11.5,.95999998,.94999999,2.1300001,2,2,1
35,2,4,0,1,0,0,1,0,0,0,,1,1,111992,6,13,18,3,5.0500002,13,.25,0,2,10.5,11.5,1.03,,,2,2,
36,1,4,0,1,0,1,0,0,0,0,0,,,,0,8,12,4,5.5,30,.17,,2,10.5,13,1.02,.91000003,2.5699999,2,2,1
36,2,4,0,1,0,1,0,0,0,0,0,1,1,111492,,10,35,6,5.0500002,26,.15000001,1,2,10.5,12.5,.94999999,.88999999,1.1900001,2,2,
37,1,1,0,0,0,0,0,1,0,0,33,,,,2,21,9,7,4.25,4,.25,,2,6.5,16.5,.98000002,.83999997,.83999997,5,3,0
37,2,1,0,0,0,0,0,1,0,0,33,1,1,111092,,6,25,7,4.25,52,.18000001,0,2,6.5,16.5,.98000002,.83999997,.86000001,6,3,
38,1,1,0,1,0,1,0,0,0,0,100,,,,0,15,20,5,4.25,17,.15000001,,2,6,17,1.05,.94999999,.98000002,3,2,0
38,2,1,0,1,0,1,0,0,0,0,100,1,1,111092,,10,20,6,5.0500002,,.25,0,3,6.5,17.5,.98000002,.81999999,.75999999,3,2,
39,1,1,0,0,0,0,0,1,0,0,100,,,,0,1,32,2,4.25,8,,,2,6.5,17.5,1.03,.73000002,.51999998,4,2,0
39,2,1,0,0,0,0,0,1,0,0,100,1,1,111792,,5,15,3,,,,0,2,6.5,16.5,1.05,,.63,4,2,
40,1,1,0,0,0,0,0,1,0,0,100,,,,0,10,20,7,4.25,4,.15000001,,2,6.5,16.5,.98000002,.81999999,.80000001,3,3,0
40,2,1,0,0,0,0,0,1,0,0,100,1,1,111092,,7,25,6,4.25,8,.13,0,2,6.5,17.5,.98000002,.81999999,.87,3,2,
41,1,1,0,0,0,0,0,1,0,0,100,,,,0,0,27,6,4.25,18,.2,,2,6.5,16.5,.98000002,.81999999,.85000002,3,3,0
41,2,1,0,0,0,0,0,1,0,0,100,1,1,111892,2,0,42,6,4.25,,,0,2,6.5,17.5,.94,.77999997,.91000003,3,2,
42,1,1,0,0,0,0,0,1,0,0,100,,,,2,17,4,5,4.5,,,,2,6.5,16.5,.98000002,.82999998,.86000001,3,3,0
42,2,1,0,0,0,0,0,1,0,0,100,1,1,111792,1,0,22,5,4.25,26,.25,0,2,6.5,16.5,.94,,,3,2,
45,1,1,0,0,0,0,0,1,0,0,25,,,,0,0,24,6,4.25,2,.25,,2,7,16,.98000002,.82999998,.86000001,3,3,0
45,2,1,0,0,0,0,0,1,0,0,25,1,1,111092,,11,12,2,4.25,26,.15000001,0,3,6.5,17.5,.98000002,.75,.86000001,3,3,
46,1,1,0,0,0,0,0,1,0,0,,,,,0,30,15,3,,19,,,2,6.5,16.5,1.03,1.03,.51999998,3,3,1
46,2,1,0,0,0,0,0,1,0,0,,1,1,111792,1,3.5,35,3,4.3000002,26,.079999998,1,2,6.5,16.5,1.03,,.94,4,4,
47,1,1,0,0,0,0,0,1,0,0,75,,,,2,25,15,,4.5,4,.17,,2,6,17,1.05,.86000001,.86000001,3,3,0
47,2,1,0,0,0,0,0,1,0,0,75,1,1,111092,,0,45,2,4.25,,,0,2,6,18,1.05,.86000001,.86000001,3,,
48,1,1,0,0,0,0,0,1,0,0,31,,,,0,6,20,3,4.25,13,.2,,3,7,14,1.01,.83999997,.63,4,3,1
48,2,1,0,0,0,0,0,1,0,0,31,1,1,111092,,7.5,25,5,4.3800001,13,.25,1,3,7,14,.98000002,.79000002,.87,4,3,
49,1,2,0,0,0,0,0,1,0,0,,,,,0,6.5,6.5,4,,26,,,2,10,13,1.01,.89999998,2.3499999,4,3,0
49,2,2,0,0,0,0,0,1,0,0,,1,1,111292,,0,15,4,4.4499998,13,.050000001,0,2,10,13,1.01,.88999999,2.3499999,4,4,
50,1,2,0,0,0,0,0,1,0,0,20,,,,0,6,10,3,4.5,13,,,2,10,12,1.01,.88999999,3.5,4,3,0
50,2,2,0,0,0,0,0,1,0,0,20,1,1,111292,,4,20,3,4.75,13,.1,0,2,10,13,1.01,.88999999,2.3499999,4,3,
51,1,2,0,0,0,0,0,1,0,0,100,,,,1,0,15,3,4.25,,.15000001,,2,10,13,1.01,.88999999,2.3499999,4,3,0
51,2,2,0,0,0,0,0,1,0,0,100,1,1,111792,2,6,15,3,4.25,,,0,2,10,13,1,.88999999,2.3499999,5,3,
56,1,4,1,0,0,0,0,1,0,0,0,,,,0,20,20,4,5,26,.1,,2,10,12,.87,.81999999,1.79,2,2,1
56,2,4,1,0,0,0,0,1,0,0,0,1,1,111492,,0,36,2,5.25,26,.15000001,0,2,10,12,.92000002,.79000002,.87,2,2,
57,1,4,1,0,0,0,0,1,0,0,70,,,,0,30,10,3,4.6700001,26,.07,,2,10,12,.87,.79000002,.89999998,2,2,1
57,2,4,1,0,0,0,0,1,0,0,70,1,1,111492,1,7,18,4,4.5,26,.13,1,2,10,12,1.01,.77999997,.89999998,2,2,
58,1,4,1,0,0,0,0,1,0,0,80,,,,2,8,25,3,4.75,26,.15000001,,2,10,12,.87,.76999998,1.01,2,2,0
58,2,4,1,0,0,0,0,1,0,0,80,1,1,111492,2,0,28,4,4.5,26,.079999998,1,2,10,12,1.04,.83999997,.94,2,2,
59,1,4,0,0,0,0,0,1,0,0,90,,,,3,0,15,3,4.25,26,.1,,1,7.5,10.5,.91000003,.88999999,.81,2,2,0
59,2,4,0,0,0,0,0,1,0,0,90,1,1,111492,1,0,16,4,4.25,26,.1,0,1,7.5,10.5,1.01,.83999997,.86000001,2,2,
60,1,4,0,0,0,0,0,1,0,0,75,,,,0,10,20,5,4.25,4,.1,,1,10.5,11.5,.94,.74000001,.86000001,2,2,0
60,2,4,0,0,0,0,0,1,0,0,75,1,1,111792,2,10,20,5,4.25,4,.25,0,1,10,12,.98000002,.83999997,.86000001,2,2,
61,1,4,1,0,0,0,0,1,0,0,0,,,,0,6,26,5,5.5,52,.15000001,,3,10,12,.87,.76999998,1.65,2,2,1
61,2,4,1,0,0,0,0,1,0,0,0,1,1,111492,,28,3,6,4.75,13,.15000001,0,2,10,12,1.01,.83999997,.94999999,2,2,
62,1,4,1,0,0,0,0,1,0,0,45,,,,2,0,31,5,5,26,.07,,2,10,12,.87,.76999998,.94999999,2,2,0
62,2,4,1,0,0,0,0,1,0,0,45,1,1,111492,,,,,,26,,0,2,10,12,,.83999997,1.79,3,3,
63,1,1,1,1,0,0,1,0,0,0,75,,,,1,26,6,,4.25,26,,,2,6,18,1.1,.97000003,1.17,4,3,0
63,2,1,1,1,0,0,1,0,0,0,75,1,1,111792,1,15,10,4,5.0500002,26,.1,0,2,7,18,1.11,1.01,1.09,4,3,
64,1,1,0,1,0,0,1,0,0,0,60,,,,1,20,15,3,4.5,26,.2,,3,7,16,1.0599999,.94999999,.94999999,3,2,0
64,2,1,0,1,0,0,1,0,0,0,60,1,1,111092,,13,13,3,5.0500002,26,.25,0,2,7,16,1.05,.94999999,.94999999,3,3,
65,1,1,0,1,0,0,1,0,0,0,90,,,,5,0,20,4,4.8000002,52,.25,,2,6.5,15.5,1.0599999,.85000002,1.11,3,3,0
65,2,1,0,1,0,0,1,0,0,0,90,2,2,121592,3,,,3,5.0500002,,,,,,,,,,,,
66,1,1,0,1,0,0,1,0,0,0,20,,,,0,15,18,3,4.25,26,.15000001,,2,7,17,1.0599999,.94999999,.94999999,3,2,0
66,2,1,0,1,0,0,1,0,0,0,20,1,1,111092,,26,10,4,5.0500002,26,.25,1,1,7,17,1.05,.94999999,.94999999,3,3,
67,1,1,0,1,0,0,1,0,0,0,55,,,,0,5,15,6,4.5,13,.25,,1,8,13.5,1.17,1.0599999,1.17,3,2,0
67,2,1,0,1,0,0,1,0,0,0,55,1,1,111092,,4,17.5,5,5.0500002,,,0,1,8,13.5,1.3200001,1.05,1.22,3,3,
68,1,1,0,1,0,0,1,0,0,0,,,,,1,30,10,3,4.25,14,.050000001,,3,7,17,1.0700001,1.02,1.02,3,3,0
68,2,1,0,1,0,0,1,0,0,0,,1,1,111092,,13,17,3,5.0500002,13,.28,0,3,7,17,1.05,.94999999,.94999999,3,1,
69,1,1,0,1,0,0,1,0,0,0,100,,,,0,0,27,3,4.25,13,.22,,2,7,18,1.17,.94999999,.94999999,4,2,0
69,2,1,0,1,0,0,1,0,0,0,100,1,1,111792,,0,27,3,5.0500002,13,.2,0,2,7,18,1.26,1.01,1,4,2,
70,1,1,0,1,0,0,1,0,0,0,50,,,,0,35,20,5,4.5,13,.27000001,,1,7,16,1.0599999,.94999999,1.02,3,3,0
70,2,1,0,1,0,0,1,0,0,0,50,1,1,111092,,10,30,5,5.0500002,4,.23,,1,7,16,1.05,.94999999,1.01,3,3,
71,1,1,0,1,0,0,1,0,0,0,100,,,,1,0,35,3,4.75,13,.25,,3,7,17,1.0599999,.94999999,.94999999,3,2,0
71,2,1,0,1,0,0,1,0,0,0,100,1,1,111692,,29,14,3,5.0500002,26,.18000001,1,3,7,17,1.05,.94999999,.94999999,3,2,
73,1,2,0,1,0,0,1,0,0,0,40,,,,1,0,7,3,4.25,,.75,,3,11,12,1.0599999,1.0599999,2.45,3,2,0
73,2,2,0,1,0,0,1,0,0,0,40,1,1,111792,2,14,0,3,5.0500002,4,.050000001,0,2,11,11,1.05,1.05,2.4300001,3,,
75,1,2,0,1,0,0,1,0,0,0,0,,,,0,3,15,3,4.25,4,.25,,2,11,11,1.17,1.27,2.77,3,3,0
75,2,2,0,1,0,0,1,0,0,0,0,1,1,111292,,4,11,3,5.0500002,6,.25,1,2,11,11,1.16,1.16,2.75,3,3,
76,1,3,1,1,0,0,1,0,0,0,50,,,,0,8,32,4,4.25,26,.2,,2,6,17,1.12,1.02,1.02,6,3,0
76,2,3,1,1,0,0,1,0,0,0,50,1,1,111392,,25,15,6,5.0500002,13,.15000001,1,2,6.5,16.5,1.11,1.0599999,1.05,6,3,
77,1,3,0,1,0,0,1,0,0,0,100,,,,0,6,50,4,5,4,.15000001,,2,6,19,1.1799999,1.0700001,1.17,6,5,0
77,2,3,0,1,0,0,1,0,0,0,100,1,1,111992,4,4,60,3,5.0500002,52,.15000001,0,2,6,19,1.0599999,1.0599999,1.05,6,2,
78,1,3,1,1,0,0,1,0,0,0,0,,,,0,13,10,3,5,26,.15000001,,2,6,17,1.12,1.02,1.02,4,2,0
78,2,3,1,1,0,0,1,0,0,0,0,1,1,111392,,10,12,2,5.0500002,26,.1,0,2,7,16,1.11,1.01,1.05,5,3,
79,1,3,1,1,0,0,1,0,0,0,30,,,,4,6,25,3,4.5,26,.15000001,,2,6,17,1.17,1.02,1.0599999,5,4,0
79,2,3,1,1,0,0,1,0,0,0,30,1,1,111392,,8,18,3,5.0500002,41,.13,0,2,7,16,1.11,1.0599999,1.05,5,4,
80,1,4,0,1,0,0,1,0,0,0,90,,,,1,4.5,20,,4.25,26,.25,,2,10.5,11.5,1.0599999,.98000002,1.0599999,2,2,0
80,2,4,0,1,0,0,1,0,0,0,90,1,1,111492,2,11,14,3,5.0500002,13,.1,0,2,10.5,12.5,1.12,.98000002,.99000001,2,1,
81,1,4,0,1,0,0,1,0,0,0,95,,,,4,25,13,3,5,26,.1,,2,10,12,1.0599999,.98000002,1.0599999,2,2,0
81,2,4,0,1,0,0,1,0,0,0,95,2,1,121592,3,0,45,4,5.0500002,,,1,2,10.5,11.5,1.11,.98000002,2.0699999,2,1,
82,1,4,0,1,0,0,1,0,0,0,0,,,,6,8,14.5,3,5,13,.37,,2,10.5,13.5,1.0599999,1.03,1.0599999,2,2,1
82,2,4,0,1,0,0,1,0,0,0,0,1,1,111492,,25,8,4,5.0500002,13,.18000001,1,2,10.5,13.5,1.11,.98000002,1.05,2,2,
83,1,4,0,1,0,0,1,0,0,0,11,,,,2,12.5,20,2,5,13,.25,,2,10.5,13.5,1.0599999,.98000002,2.1300001,2,2,0
83,2,4,0,1,0,0,1,0,0,0,11,1,1,111792,2,,,4,5.0500002,26,.5,0,2,10,14,1.11,.88999999,.99000001,2,2,
84,1,1,0,1,0,1,0,0,0,0,50,,,,3,4,30,5,4.5,26,.15000001,,2,7,16,1.04,.85000002,.91000003,4,2,0
84,2,1,0,1,0,1,0,0,0,0,50,1,1,111692,,12,30,5,5.0500002,52,.2,0,2,7,16,1.05,.89999998,.94,3,3,
85,1,1,0,1,0,1,0,0,0,1,1,,,,3,7,20,3,5.5,26,.51999998,,1,9,12.5,1.12,1.02,1.02,5,4,0
85,2,1,0,1,0,1,0,0,0,1,1,1,1,111692,,0,35,3,5.0500002,26,.18000001,0,1,9,12.5,1.11,1.01,1.05,5,1,
86,1,1,0,1,0,1,0,0,0,0,,,,,1,11,11,4,4.25,13,.25,,3,7,15,1.0599999,.94,1.1,3,3,0
86,2,1,0,1,0,1,0,0,0,0,,1,1,111092,,9,12,4,5.0500002,4,.13,0,3,7,15,1.05,1.05,1.04,3,3,
87,1,1,0,1,0,1,0,0,0,1,,,,,0,0,15,,4.5,26,,,2,7,15,1.0599999,.86000001,1.02,3,3,0
87,2,1,0,1,0,1,0,0,0,1,,1,1,111092,,0,30,5,5.0500002,41,.18000001,0,3,7,15,1,.99000001,1.04,3,3,
88,1,1,0,1,1,0,0,0,0,0,75,,,,0,3,35,3,4.25,,,,3,7,15,1.0599999,.87,.91000003,5,5,1
88,2,1,0,1,1,0,0,0,0,0,75,2,1,121892,2,4,37,4,5.0500002,42,.18000001,0,2,7,15,1.05,.87,.94,5,2,
89,1,1,1,1,0,1,0,0,0,0,0,,,,2,10,6,3,5,13,.17,,2,7,16,1.09,.94999999,1.04,3,2,0
89,2,1,1,1,0,1,0,0,0,0,0,1,1,111092,,6,25,6,5.5,4,.63,0,2,7,16,1.11,1.01,1.05,3,3,
91,1,1,1,1,0,1,0,0,0,1,100,,,,2,8,22,4,4.25,8,.15000001,,2,7,17,1.09,.93000001,1.04,3,3,0
91,2,1,1,1,0,1,0,0,0,1,100,1,1,111792,1,0,30,4,5.0500002,26,.18000001,0,1,7,17,1.11,1.05,1.05,3,3,
92,1,1,1,1,0,1,0,0,0,1,100,,,,0,4,18,4,4.25,13,.75,,2,7,15,1.09,.94999999,1.03,3,3,0
92,2,1,1,1,0,1,0,0,0,1,100,1,1,111092,,14,6,3,5.0500002,,.25,0,2,7,15,1.11,1.01,1.05,3,3,
93,1,1,1,1,0,0,1,0,0,0,90,,,,0,2.5,30,3,4.25,52,.15000001,,2,7,16,,,.95999998,,,0
93,2,1,1,1,0,0,1,0,0,0,90,1,1,111092,,5,25,5,5.0500002,13,.15000001,0,2,7,16,1.11,1.05,1.05,4,3,
94,1,2,0,1,0,1,0,0,0,0,0,,,,2,0,25,5,5,26,.25,,3,11,10,1.0599999,.80000001,2.5599999,,,0
94,2,2,0,1,0,1,0,0,0,0,0,1,1,111292,,2,20,4,5.0500002,52,.25,0,1,11,10,1.05,.79000002,2.53,3,,
95,1,2,0,1,0,1,0,0,0,0,40,,,,1,18,3,4,4.25,26,.27000001,,1,11,10,1.0599999,.80000001,2.5599999,4,3,0
95,2,2,0,1,0,1,0,0,0,0,40,1,1,111292,,0,14,3,5.0500002,13,.25,0,1,11,10,1.05,.75,2.53,3,3,
96,1,2,0,1,0,0,1,0,0,0,80,,,,2,0,15,2,4.25,26,.12,,2,11.5,10,1.0599999,1.01,2.6600001,3,2,0
96,2,2,0,1,0,0,1,0,0,0,80,1,1,111892,3,0,15,5,5.0500002,26,.15000001,0,2,11.5,10.5,1.05,.94,2.5899999,4,0,
97,1,2,0,1,0,1,0,0,0,0,58,,,,2,0,12,4,4.25,13,.25,,2,11,10,1.02,.75,2.5599999,3,2,1
97,2,2,0,1,0,1,0,0,0,0,58,1,1,111292,,2.5,11,3,5.0500002,13,.30000001,0,2,11,10,1.05,.80000001,2.54,3,2,
98,1,2,0,1,0,1,0,0,0,1,80,,,,0,0,20,4,4.25,13,.40000001,,3,11,10,1.0599999,.80000001,2.5599999,3,3,0
98,2,2,0,1,0,1,0,0,0,1,80,1,1,111292,,3,13,3,5.0500002,13,.44999999,0,1,11,10,1.05,.89999998,2.53,3,3,
99,1,3,1,1,0,1,0,0,0,1,50,,,,0,60,40,5,4.75,26,.15000001,,2,0,24,1.23,,2.3,8,6,0
99,2,3,1,1,0,1,0,0,0,1,50,2,1,121892,6,30,50,4,5.0500002,15,.25,1,2,0,24,1.22,1.17,2.3199999,5,2,
101,1,3,0,1,0,1,0,0,0,1,80,,,,3,4.5,15,3,4.75,26,.15000001,,2,7,15,1.2,1.1799999,1.0599999,6,4,0
101,2,3,0,1,0,1,0,0,0,1,80,1,1,111392,,10,12,3,5.0500002,26,.15000001,0,2,7,15,1.15,1.1,1.05,8,3,
102,1,3,0,1,1,0,0,0,0,0,15,,,,2,12,13,3,4.4000001,52,.2,,2,7,16,1.0599999,.91000003,1.0700001,6,4,0
102,2,3,0,1,1,0,0,0,0,0,15,1,1,111392,,0,27,2,5.0500002,52,.25,0,2,7,15,1.0700001,1.01,1.05,5,5,
103,1,4,0,1,0,0,1,0,0,0,50,,,,2,12.5,10,3,5,26,.27000001,,2,10.5,11.5,.91000003,.85000002,.94999999,2,2,0
103,2,4,0,1,0,0,1,0,0,0,50,1,1,111492,2,,,2,5.0500002,13,,0,2,10.5,12.5,1.05,.83999997,1.26,2,2,
104,1,4,0,1,0,1,0,0,0,1,50,,,,0,40,20,3,4.6199999,4,.31999999,,2,10.5,11.5,.94999999,.83999997,.94,2,2,1
104,2,4,0,1,0,1,0,0,0,1,50,1,1,111492,1,11,10,3,5.0500002,26,.079999998,1,2,10.5,12.5,1,.83999997,.94,2,2,
105,1,1,0,1,0,0,1,0,0,0,50,,,,2,0,40,4,4.25,10,,,2,6.5,16.5,.95999998,1,1.03,4,2,0
105,2,1,0,1,0,0,1,0,0,0,50,1,1,111092,,0,45,4,5.0500002,13,.25,0,2,6.5,16.5,1.05,.99000001,1.16,4,3,
106,1,1,0,1,0,0,1,0,0,0,65,,,,0,0,35,3,4.25,26,.27000001,,3,7,16,1.0599999,.94999999,.94999999,2,1,0
106,2,1,0,1,0,0,1,0,0,0,65,1,1,111092,,2,25,3,5.0500002,26,.2,0,0,7,16,1.05,.94999999,.94999999,2,2,
107,1,1,1,1,0,0,1,0,0,0,40,,,,0,6,11,3,4.25,8,.31999999,,1,8,14.5,1.17,.94999999,.94999999,3,3,0
107,2,1,1,1,0,0,1,0,0,0,40,2,1,123092,9,13.5,10,2,5.0500002,,,0,1,8,14,,1.01,1,4,2,
108,1,1,0,1,0,0,1,0,0,0,6,,,,2,13.5,15,4,4.25,26,.37,,1,7,17,1.27,1.01,1.0599999,3,3,1
108,2,1,0,1,0,0,1,0,0,0,6,1,1,111692,,11,24,5,5.0500002,26,.15000001,0,1,7,17,1.37,1.02,1.05,3,3,
111,1,3,0,1,0,0,1,0,0,0,55,,,,0,17,14,3,4.25,2,.41999999,,3,7,16,1.17,1.0599999,1.01,5,5,0
111,2,3,0,1,0,0,1,0,0,0,55,1,1,111892,1,20,14.5,3,5.0500002,26,,0,2,7,16,1.16,1.16,1,5,4,
112,1,4,0,1,0,0,1,0,0,0,80,,,,0,4,26,3,5,13,.2,,2,10,14,1.0599999,.98000002,1.0599999,2,2,0
112,2,4,0,1,0,0,1,0,0,0,80,2,1,121392,9,5,25,6,5.0500002,28,.18000001,0,2,10.5,12.5,1.11,1.09,2.0699999,,,
113,1,1,0,1,0,1,0,0,0,0,,,,,0,0,22,4,,,,,2,7,16,1.0599999,.94999999,1,4,,1
113,2,1,0,1,0,1,0,0,0,0,,1,1,111092,,2,40,5,5.0500002,26,.28,1,2,7,16,1.05,.89999998,.98000002,3,2,
114,1,1,0,1,0,1,0,0,0,0,50,,,,2,0,35,5,4.75,26,.56999999,,2,7,16,1.0700001,.94999999,.94999999,3,,1
114,2,1,0,1,0,1,0,0,0,0,50,1,1,111792,1,20,40,4,5.25,26,.25,0,2,6.5,16.5,1.11,.94,.94,3,3,
115,1,1,0,1,0,1,0,0,0,0,25,,,,0,20,25,4,4.75,4,.30000001,,1,7,17,1.0599999,.94999999,1.0599999,4,3,0
115,2,1,0,1,0,1,0,0,0,0,25,1,1,111092,,6,15,4,5.0500002,,,,1,7,17,1.05,.94999999,1.01,4,4,
116,1,1,0,1,0,1,0,0,0,0,90,,,,0,4,22.5,2,4.25,18,.37,,2,8.5,13,1.49,1.02,1.11,7,3,0
116,2,1,0,1,0,1,0,0,0,0,90,1,1,111092,,22,12,3,5.0500002,13,.44999999,1,2,8.5,13,1.39,.94999999,1.21,8,2,
118,1,1,0,1,0,0,1,0,0,0,70,,,,3,10,15,4,4.25,26,.15000001,,2,7,15,1.0599999,.94999999,1.01,4,2,0
118,2,1,0,1,0,0,1,0,0,0,70,1,1,111692,,18,20,3,5.0500002,26,.38,0,2,7,15,1.05,.94,1,4,2,
119,1,1,0,1,0,0,1,0,0,0,50,,,,2,12,19,3,4.75,13,.27000001,,3,6.5,16.5,1.0599999,.91000003,.94999999,3,3,1
119,2,1,0,1,0,0,1,0,0,0,50,1,1,111692,1,18,13,4,5.0500002,26,,0,3,6.5,17.5,1.05,.88999999,.94999999,3,3,
120,1,1,1,1,0,1,0,0,0,0,,,,,3,0,32,3,4.5,,,,2,7,16,1.13,.98000002,1.04,3,2,0
120,2,1,1,1,0,1,0,0,0,0,,1,1,111992,3,0,30,4,5.0500002,,,0,2,7,16,1.05,1.05,1.05,3,2,
122,1,1,0,1,0,0,1,0,0,0,70,,,,0,1,38,5,4.25,4,.2,,1,9,12.5,,1.12,1.12,5,3,0
122,2,1,0,1,0,0,1,0,0,0,70,1,1,111092,,10,50,6,5.0500002,26,.1,0,1,9,12.5,1.15,.94,1.15,6,4,
123,1,1,0,1,0,1,0,0,0,0,28,,,,0,0,20,5,,13,,,2,7,14.5,1.0599999,.94999999,1.01,2,1,0
123,2,1,0,1,0,1,0,0,0,0,28,1,1,111092,,5,25,4,5.0500002,26,.15000001,0,3,7.5,14,1.05,.94,1,3,2,
124,1,1,0,1,0,1,0,0,0,0,14,,,,1,8,10,3,4.25,13,.25,,2,8,15,1.0599999,.91000003,1.04,2,2,0
124,2,1,0,1,0,1,0,0,0,0,14,1,1,111092,,21,6,4,5.0500002,13,.5,1,3,7,15,1.16,.94,1.12,2,2,
125,1,2,0,1,0,1,0,0,0,0,100,,,,0,15,0,4,4.5,26,.25,,1,10,12.5,.91000003,.85000002,2.3399999,3,2,0
125,2,2,0,1,0,1,0,0,0,0,100,1,1,111492,,0,15,2,5.0500002,52,.40000001,0,1,10,12,1.01,1.01,2.49,4,3,
128,1,2,1,1,0,1,0,0,0,0,,,,,3,6.5,7.5,2,5,,.15000001,,2,11,11,1.0599999,.85000002,2.3399999,4,2,0
128,2,2,1,1,0,1,0,0,0,0,,1,1,111492,1,3,16,2,5.0500002,26,.25,0,1,11,11,1.05,.79000002,2.3199999,3,2,
129,1,3,0,1,0,1,0,0,0,0,0,,,,3,20,20,3,5.25,26,.050000001,,2,6,16,1.1,1,.74000001,6,4,0
129,2,3,0,1,0,1,0,0,0,0,0,1,1,111392,,7,18,4,5.0500002,52,.25,0,2,6,16,1.11,1,.88999999,4,3,
130,1,3,1,1,0,1,0,0,0,0,15,,,,2,7,25.5,3,4.5,19,.30000001,,2,5,18,1.12,1.0700001,1,4,3,0
130,2,3,1,1,0,1,0,0,0,0,15,2,1,122192,6,2,38,4,5.0500002,4,.15000001,0,2,7,16,1.11,1.0599999,1.05,5,3,
131,1,3,0,1,0,1,0,0,0,0,10,,,,2,15,25,4,5.5,4,.37,,2,6,17,1.0599999,1.0599999,1.0599999,5,2,1
131,2,3,0,1,0,1,0,0,0,0,10,2,1,121692,2,8,22,3,5.0500002,,,0,2,7,15,1.05,1.11,1.05,5,4,
132,1,3,1,1,0,1,0,0,0,0,80,,,,0,20,20,5,4.5,26,.25,,2,0,24,1.28,1.0599999,2.3,5,3,0
132,2,3,1,1,0,1,0,0,0,0,80,1,1,111692,,15,20,3,5.5,52,.25,0,2,7,14,,,,2,2,
133,1,3,1,1,0,1,0,0,0,0,99,,,,0,6,16,2,4.75,26,,,2,6,17,1.12,1.0700001,1.0599999,4,3,0
133,2,3,1,1,0,1,0,0,0,0,99,1,1,111392,,3,20,3,5.0500002,26,,0,2,7,15,1.11,1.0599999,2.1099999,5,3,
134,1,3,0,1,0,1,0,0,0,0,42,,,,2,5.5,25,3,4.6199999,,,,2,6,16,1.09,,.94999999,4,3,0
134,2,3,0,1,0,1,0,0,0,0,42,1,1,111392,,6,27.5,3,5.0500002,52,.25,0,2,6,16,1.11,1.0599999,.94,4,3,
135,1,3,0,1,0,1,0,0,0,0,,,,,0,10,20,4,,26,,,0,9,12.5,,,,5,3,0
135,2,3,0,1,0,1,0,0,0,0,,1,1,111692,,8,24,3,5.0500002,,.25,0,2,10,11.5,1.16,1.0599999,1.05,5,3,
136,1,3,1,1,0,1,0,0,0,0,5,,,,2,14.5,14.5,5,4.25,21,.27000001,,2,6,17,1.12,1.0700001,1.1,5,4,0
136,2,3,1,1,0,1,0,0,0,0,5,2,0,121692,3,,,,,,,,,7,16,,,,,,
137,1,3,1,1,0,0,1,0,0,0,50,,,,3,15,25,3,4.25,26,.15000001,,2,6,16,1.12,1.0599999,1.02,6,4,0
137,2,3,1,1,0,0,1,0,0,0,50,1,1,111692,1,12,30,5,5.0500002,26,.25,0,2,7,15,1.11,1.11,1.05,5,3,
138,1,3,1,1,0,0,1,0,0,0,,,,,0,4.5,25.5,2,,,,,2,10,11.5,1.12,1.0700001,1.0599999,6,,1
138,2,3,1,1,0,0,1,0,0,0,,1,1,111692,,2,33,3,5.0500002,26,.2,0,2,10,11.5,1.21,1.01,.94,6,4,
139,1,4,0,1,0,1,0,0,0,0,,,,,0,,,2,5.5,,,,2,10.5,12.5,.94999999,.94999999,1.0599999,2,1,0
139,2,4,0,1,0,1,0,0,0,0,,1,1,111492,,11,25,5,5.5,19,.25,1,2,11,12,,,,,,
140,1,4,0,1,0,1,0,0,0,0,25,,,,0,0,40,3,4.5,26,.37,,2,10.5,11.5,.91000003,.86000001,1.0599999,2,2,1
140,2,4,0,1,0,1,0,0,0,0,25,1,1,111492,,5,35,5,5.6700001,4,.25,1,2,10.5,11.5,1,.94,1.05,2,2,
141,1,4,0,1,0,1,0,0,0,0,,,,,0,10,15,4,4.75,13,.27000001,,2,10.5,12.5,1.02,.91000003,1.0599999,2,2,1
141,2,4,0,1,0,1,0,0,0,0,,1,1,111892,2,10,25,3,5.0500002,13,.18000001,1,2,10.5,12.5,1.05,.83999997,1.34,2,2,
142,1,4,0,1,0,0,1,0,0,0,,,,,0,15,35,4,4.25,26,.15000001,,2,10,11.5,1.0599999,.94999999,1.0599999,2,2,1
142,2,4,0,1,0,0,1,0,0,0,,1,1,111492,,40,31,5,5.0500002,26,.18000001,0,2,10,11.5,1.01,.88999999,1.26,2,2,
143,1,4,0,1,0,1,0,0,0,0,15,,,,3,0,30,3,5.3699999,26,.25,,2,10.5,11.5,.94999999,.94999999,1.0599999,2,2,1
143,2,4,0,1,0,1,0,0,0,0,15,2,4,121692,2,,,,,,,,,,,,,,,,
144,1,4,0,1,0,1,0,0,0,0,0,,,,2,10,30,3,5.0500002,26,.15000001,,2,10.5,12.5,.91000003,.85000002,1.0599999,2,2,1
144,2,4,0,1,0,1,0,0,0,0,0,1,1,111792,1,4,37,3,5.0500002,26,.34999999,1,2,10.5,12.5,.94,.94,1.26,2,2,
145,1,1,0,1,0,0,1,0,0,0,0,,,,0,5,17,3,5,13,.15000001,,2,7,16,1.0599999,.94999999,.94999999,3,2,1
145,2,1,0,1,0,0,1,0,0,0,0,1,1,111092,,10,8,4,5.2800002,26,.13,1,2,7,16,1.05,.95999998,.94999999,3,2,
146,1,1,0,1,0,0,1,0,0,0,,,,,3,8,20,5,4.8000002,26,.25,,2,7,16,1.0599999,1,1.0599999,4,3,1
146,2,1,0,1,0,0,1,0,0,0,,1,1,111092,,0,32,4.5,5.0500002,26,.17,0,2,7,16,1.05,.99000001,1.05,4,3,
147,1,1,0,1,0,0,1,0,0,0,100,,,,0,8.5,6.5,3,5.1199999,8,.25,,2,7,14,1.12,.88999999,.94999999,2,2,0
147,2,1,0,1,0,0,1,0,0,0,100,1,1,111892,1,6,0,3,5.25,13,.38,0,2,7,14,1.13,.91000003,.91000003,2,2,
148,1,1,0,1,0,0,1,0,0,0,0,,,,4,4.5,30,4,5.25,26,.17,,2,7,17,1.0599999,.94999999,.94999999,3,2,1
148,2,1,0,1,0,0,1,0,0,0,0,1,1,111092,,7.5,30,4,5.0500002,26,.2,1,2,7,17,1.05,.94,.94,3,3,
149,1,1,0,1,0,0,1,0,0,0,50,,,,1,0,20,4,4.5,26,.27000001,,3,7,16,1.0599999,.94999999,.94999999,2,1,0
149,2,1,0,1,0,0,1,0,0,0,50,1,1,111092,,8,10,3,5.0500002,26,.25,0,2,7,16,1.05,.94,.94,2,2,
150,1,1,0,1,0,0,1,0,0,0,2,,,,2,0,27.5,3.5,4.6700001,26,.27000001,,2,7,16,1.23,.88999999,.88999999,3,3,1
150,2,1,0,1,0,0,1,0,0,0,2,2,1,123192,8,12,20,3,5.75,28,.57999998,0,2,7,15,1.11,.88,.88,3,2,
151,1,1,0,1,0,0,1,0,0,0,92,,,,0,1,12,3,5,12,.1,,2,7,15,1.09,.81,1.04,3,3,0
151,2,1,0,1,0,0,1,0,0,0,92,2,3,123092,2,0,0,0,,,,,,,,,,,,,
152,1,1,0,1,0,0,1,0,0,0,10,,,,0,35,15,4,5.1199999,9,.67000002,,1,7,15,1.17,.94999999,1.02,3,2,1
152,2,1,0,1,0,0,1,0,0,0,10,1,1,111092,,12,13.5,5,5.0500002,13,.28,0,2,7,15,1.16,.94,.94,3,3,
153,1,1,0,1,0,0,1,0,0,0,33,,,,0,0,25,9,,52,.15000001,,1,7,17,1,.94999999,.88999999,4,3,0
153,2,1,0,1,0,0,1,0,0,0,33,1,1,111092,,26.5,10,3,5.0500002,26,.15000001,0,2,7,17,1.05,.94999999,.94999999,3,2,
156,1,1,0,1,0,0,1,0,0,0,0,,,,0,8,15,3,4.8699999,6,.25,,1,7,15,1.0599999,.94999999,1.02,8,3,0
156,2,1,0,1,0,0,1,0,0,0,0,1,1,111092,,2,18,2,5.0500002,,.30000001,0,2,7,15,.94999999,.94,1.01,3,,
157,1,2,0,1,0,0,1,0,0,0,0,,,,0,10,5,3,5,26,.25,,1,10.5,12,.91000003,.85000002,2.3399999,3,3,0
157,2,2,0,1,0,0,1,0,0,0,0,1,1,111792,2,12,8,2,5.5,26,.25,0,1,10.5,11,.94999999,.82999998,2.47,2,2,
158,1,2,0,1,0,0,1,0,0,0,55,,,,1,2,7,3,4.5,4,.12,,1,11,10,.92000002,.69999999,2.3399999,3,3,0
158,2,2,0,1,0,0,1,0,0,0,55,1,1,111192,,3,4,4,5.0500002,13,.25,0,1,11,11.5,.94999999,.94,2.49,3,2,
159,1,2,0,1,0,0,1,0,0,0,22,,,,8,6,12,2,4.5,4,.12,,1,10.5,10.5,.98000002,.85000002,2.3399999,3,3,0
159,2,2,0,1,0,0,1,0,0,0,22,1,1,111492,,10,5,4,5.25,13,.25,0,1,10.5,11.5,.94999999,.83999997,2.49,4,3,
161,1,3,1,1,0,0,1,0,0,0,2,,,,0,8,25,4,5,19,.15000001,,2,6,17,1.12,1.02,1.0599999,7,3,0
161,2,3,1,1,0,0,1,0,0,0,2,1,1,111992,4,26,12,4,5.0500002,,,0,2,6,17,1.11,1.0599999,1.05,7,5,
162,1,3,1,1,0,0,1,0,0,0,45,,,,2,0,40,3,4.75,26,.17,,2,6,16.5,1.12,1.02,1.0599999,,1,0
162,2,3,1,1,0,0,1,0,0,0,45,1,1,111292,,3,30,3,5.0500002,26,.18000001,0,2,7,15.5,1.11,1.01,1.05,6,5,
163,1,3,1,1,0,0,1,0,0,0,11,,,,0,12,18,3,5,13,.15000001,,2,6,16.5,1.2,1.0700001,1.0599999,3,3,0
163,2,3,1,1,0,0,1,0,0,0,11,1,1,111292,,1.5,33,3,5.0500002,26,.15000001,0,2,7,15,,,,,,
164,1,3,1,1,0,0,1,0,0,0,3,,,,0,4,30,4,5,26,.1,,2,5,19,1.12,1.02,1.0599999,5,3,0
164,2,3,1,1,0,0,1,0,0,0,3,1,1,111292,,5,15,3,5.0500002,52,.15000001,0,2,6,17,1.11,1.0599999,1.05,5,3,
165,1,4,0,1,0,0,1,0,0,0,60,,,,1,20,10,3,5,15,.27000001,,2,10.5,12.5,1.0599999,.88999999,1.0599999,3,2,1
165,2,4,0,1,0,0,1,0,0,0,60,1,1,111792,1,10,17,4,5.0500002,14,.13,0,2,10.5,12.5,1.05,.98000002,1.05,2,2,
166,1,4,0,1,0,0,1,0,0,0,40,,,,0,8,32,5,4.75,26,.25,,2,10.5,11.5,.94999999,.85000002,1.0599999,2,2,1
166,2,4,0,1,0,0,1,0,0,0,40,1,1,111392,1,0,35,4,5.0500002,26,.18000001,0,2,10.5,12.5,1.11,.83999997,1.26,2,2,
168,1,1,0,1,0,0,1,0,0,0,50,,,,0,5,20,4,4.25,4,.25,,1,7,15,1.0599999,.94999999,.94999999,3,3,1
168,2,1,0,1,0,0,1,0,0,0,50,1,1,111692,,0,32,4,5.25,10,.18000001,0,1,6,16,1.11,.94999999,1.14,3,1,
169,1,1,1,1,0,0,1,0,0,0,50,,,,0,12,33,4,5,13,.25,,2,7,16,1.1,.94,1.04,3,3,0
169,2,1,1,1,0,0,1,0,0,0,50,1,1,111692,,20,6,4,5.0500002,52,.15000001,0,2,7,16,1.11,1.05,1.05,3,3,
170,1,1,1,1,0,0,1,0,0,0,0,,,,1,10,20,3,5,52,.51999998,,2,7,16,1.1,1.02,1.08,3,2,0
170,2,1,1,1,0,0,1,0,0,0,0,1,1,111092,,20,20,4,5.0500002,4,,0,1,7,16,1.29,1.11,1.1799999,4,4,
171,1,1,1,1,0,0,1,0,0,1,,,,,0,2,32,3,4.25,8,.25,,2,7,16,1.09,.94999999,1.04,3,3,0
171,2,1,1,1,0,0,1,0,0,1,,1,1,111092,,10,12.5,5,5.0500002,4,.1,1,2,7,16,1.1799999,1.04,1.03,3,3,
172,1,1,0,1,0,0,1,0,0,0,.30000001,,,,0,0,24,5,4.75,13,.25,,1,9,12.5,1.12,1.02,1.0599999,5,4,0
172,2,1,0,1,0,0,1,0,0,0,.30000001,1,1,111692,2,7,23,3,5.0500002,8,.18000001,0,1,9,13,1.11,1.01,1.05,6,3,
173,1,1,0,1,0,0,1,0,0,0,50,,,,3,6,40,10,4.8499999,26,.15000001,,2,6.5,17.5,1.0599999,.94999999,.98000002,4,3,0
173,2,1,0,1,0,0,1,0,0,0,50,1,1,111792,1,11,30,5,5.0500002,26,.15000001,0,2,6,18,1.05,.94,1.04,4,3,
174,1,1,0,1,0,0,1,0,0,1,50,,,,2,11,20,4,4.75,26,.15000001,,2,7,16,1.1799999,.88,.98000002,4,3,0
174,2,1,0,1,0,0,1,0,0,1,50,1,1,111092,,20,20,3,5.0500002,4,.2,0,2,7,16,1.05,.89999998,.98000002,3,3,
176,1,1,0,1,0,0,1,0,0,0,20,,,,0,15,21,4,4.6199999,13,.12,,1,7,16,1.0599999,,1.05,4,4,0
176,2,1,0,1,0,0,1,0,0,0,20,1,1,111792,1,20,27.5,4,5.0500002,,,0,2,7,16,1.04,1.0599999,,,,
178,1,2,1,1,0,0,1,0,0,1,96,,,,0,13,12,3,4.25,52,.2,,1,11,10,.91000003,.85000002,2.3399999,3,2,1
178,2,2,1,1,0,0,1,0,0,1,96,1,1,111191,,1,10,3,5.0500002,26,.25,1,1,11,10.5,1.01,.94,2.6400001,3,2,
179,1,2,0,1,0,0,1,0,0,0,90,,,,2,2,12,3,4.25,13,.25,,1,10.5,10.5,.91000003,.91000003,2.3399999,3,3,1
179,2,2,0,1,0,0,1,0,0,0,90,1,1,111892,3,2,10,4,5.0500002,26,.2,0,1,10.5,11,.94,.83999997,2.49,3,3,
180,1,2,0,1,0,0,1,0,0,1,30,,,,0,8,3,4,4.5,26,.25,,2,11,11,1.0599999,1.01,2.6600001,4,2,0
180,2,2,0,1,0,0,1,0,0,1,30,1,1,111192,,0,17.5,4,5.0500002,,,0,2,11,12,1.05,1.05,2.8499999,4,4,
181,1,2,0,1,0,0,1,0,0,0,100,,,,0,0,13,3,,,,,1,10.5,11,.91000003,.79000002,2.3399999,3,2,0
181,2,2,0,1,0,0,1,0,0,0,100,1,1,111192,,1,15,2,5.0500002,,.25,0,1,10.5,11,.94999999,.89999998,2.49,3,2,
182,1,2,0,1,1,0,0,0,0,1,100,,,,0,3,15,3,4.5,4,.25,,2,11,11,1.0599999,1.01,2.6600001,4,3,1
182,2,2,0,1,1,0,0,0,0,1,100,1,1,111192,,0,15,3,5.0500002,26,.25,0,2,11.5,10,1.05,1,2.73,4,3,
183,1,2,0,1,0,0,1,0,0,0,100,,,,0,12,4,4,4.6199999,20,.33000001,,3,11,11,1.0599999,1.01,2.6600001,4,3,0
183,2,2,0,1,0,0,1,0,0,0,100,1,1,111892,4,15,10,2,5.0500002,13,.25,0,2,11,10.5,1.05,1,2.75,4,3,
185,1,2,0,1,0,1,0,0,0,1,100,,,,0,2,9,3,4.5,13,.2,,2,11,10.5,1.0599999,1.01,2.6600001,4,4,0
185,2,2,0,1,0,1,0,0,0,1,100,1,1,111192,,2,6,3,5.0500002,26,.25,1,1,11,10.5,1.05,1,2.75,3,3,
186,1,3,0,1,0,0,1,0,0,0,50,,,,3,10,20,4,4.75,26,.15000001,,2,6,16,1.12,1.02,.94999999,5,3,1
186,2,3,0,1,0,0,1,0,0,0,50,1,1,111892,3,12,18,4,5.0500002,26,,0,2,6,16,1.17,1.0599999,.94999999,5,3,
187,1,3,0,1,0,0,1,0,0,1,2,,,,0,4,20,3,5.6199999,26,.51999998,,2,7,15,1.12,1.09,1.0599999,4,3,0
187,2,3,0,1,0,0,1,0,0,1,2,1,1,111292,,5,17.5,3,5.0500002,13,.2,0,2,7,15,1.11,1.0599999,1.05,4,4,
189,1,3,0,1,0,0,1,0,0,0,95,,,,0,4,15,3,4.75,39,.2,,2,7,15,1.12,1.0700001,1.12,4,2,0
189,2,3,0,1,0,0,1,0,0,0,95,1,1,111292,,0,19,3,5.0500002,52,.2,0,2,7,15,1.11,1.0599999,1.05,5,3,
190,1,3,1,1,0,0,1,0,0,0,,,,,0,5,42,4,5,26,.12,,2,6,16,1.02,1.0700001,1.0599999,5,,1
190,2,3,1,1,0,0,1,0,0,0,,1,1,111292,,7,30,4,5.0500002,26,.18000001,0,2,7,15,1.05,1.01,1.74,5,3,
191,1,4,0,1,0,0,1,0,0,0,,,,,0,30,20,4,,,,,2,10.5,12,1.0599999,.94999999,1.0599999,,1,0
191,2,4,0,1,0,0,1,0,0,0,,1,1,111792,1,0,25,4,5.0500002,6,.25,1,2,10.5,12,1.02,.94,1.05,2,2,
192,1,4,0,1,0,0,1,0,0,0,10,,,,2,20,10,4,4.8699999,26,.17,,2,10,12,.91000003,.85000002,1.0599999,2,2,1
192,2,4,0,1,0,0,1,0,0,0,10,1,1,111392,,4.5,30,3,5.25,19,.18000001,0,2,10.5,12.5,1.05,.83999997,1.26,2,2,
193,1,4,0,1,0,0,1,0,0,1,,,,,3,1,13,3,4.5,13,.12,,2,10,11,.94999999,.85000002,.99000001,2,1,1
193,2,4,0,1,0,0,1,0,0,1,,1,1,111792,2,4,9,3,5.0500002,26,.13,1,2,9,13,1.01,.89999998,1.26,2,1,
195,1,4,0,1,0,0,1,0,0,1,100,,,,3,0,30,3,4.25,26,,,2,10.5,11.5,1.0599999,.85000002,1.0599999,2,2,1
195,2,4,0,1,0,0,1,0,0,1,100,1,1,111892,2,8,25,3,5.0500002,26,.15000001,0,2,10.5,12.5,.94,.83999997,2.1099999,2,2,
196,1,4,1,1,0,0,1,0,0,0,,,,,0,8,19,4,5,26,.2,,2,10.5,11.5,.94999999,.85000002,1.0599999,2,2,0
196,2,4,1,1,0,0,1,0,0,0,,1,1,111392,,0,30,3,5.0500002,26,.18000001,0,2,10.5,12.5,1,.89999998,2.1099999,2,2,
197,1,1,0,1,0,0,1,0,0,0,50,,,,0,23,10,4,5,26,.25,,2,7,17,.99000001,.88999999,.88999999,3,2,0
197,2,1,0,1,0,0,1,0,0,0,50,1,1,111792,1,5,21,5,5.0500002,26,.13,0,3,7,17,1.05,.94999999,.94999999,3,1,
198,1,1,0,1,0,0,1,0,0,0,65,,,,0,,,4,4.25,4,.12,,3,7,16,1.0599999,.94999999,.94999999,3,3,1
198,2,1,0,1,0,0,1,0,0,0,65,1,1,111792,8,10,32,4,5.0500002,26,.15000001,0,2,7,16,1.05,.94,.94,3,3,
199,1,2,0,1,0,0,1,0,0,0,25,,,,0,0,12,3,4.3499999,,.12,,1,11,10,.85000002,.80000001,2.3399999,4,3,0
199,2,2,0,1,0,0,1,0,0,0,25,1,1,111192,,11,3,4,5.0500002,2,.44999999,,1,11,10.5,.91000003,.89999998,2.45,4,3,
200,1,1,0,1,0,0,1,0,0,0,15,,,,0,0,60,3,4.25,9,.2,,2,6,18,1.0599999,.91000003,.98000002,4,3,1
200,2,1,0,1,0,0,1,0,0,0,15,1,1,111092,,5,40,4,5.0500002,52,.25,0,2,6.5,17.5,1.05,.94,.98000002,5,4,
201,1,1,0,1,0,0,1,0,0,0,65,,,,0,0,33,3,4.5,26,.34999999,,2,7,17,1.0599999,1.02,.94999999,3,3,0
201,2,1,0,1,0,0,1,0,0,0,65,1,1,111092,,16,22,3,5.0500002,26,.28,1,1,7,17,1.05,.94999999,.94999999,3,3,
202,1,1,0,1,0,0,1,0,0,0,15,,,,2,30,14,4,4.25,4,.37,,2,6,19,1.17,.94999999,.63,3,3,1
202,2,1,0,1,0,0,1,0,0,0,15,1,1,111692,,13,11,4,5.0500002,4,.079999998,0,3,6,19,1.15,.94999999,.63999999,3,3,
203,1,1,0,1,0,0,1,0,0,0,50,,,,2,9,12,2,4.25,26,.15000001,,2,7,17,1.0599999,.94999999,.94999999,3,3,0
203,2,1,0,1,0,0,1,0,0,0,50,1,1,111092,,4,34,3,5.0500002,26,.18000001,0,0,7,17,1.05,.94999999,.94999999,3,2,
204,1,1,0,1,0,0,1,0,0,0,31,,,,0,10,8.5,4,4.25,13,.27000001,,2,6.5,17.5,1.0599999,1,1.0599999,3,3,0
204,2,1,0,1,0,0,1,0,0,0,31,1,1,111092,,12,13.5,3,5.0500002,13,.25,0,2,6.5,17.5,1.05,.99000001,1.05,3,2,
207,1,2,1,1,0,0,1,0,0,0,25,,,,0,8,10,4,4.75,8,.25,,1,11,12,1.0599999,.85000002,2.3399999,4,2,0
207,2,2,1,1,0,0,1,0,0,0,25,1,1,111192,,8.5,6,2,5.1999998,52,.5,1,1,11,12,1.05,.83999997,2.3199999,5,3,
208,1,3,1,1,0,0,1,0,0,0,95,,,,1,12,32,4,4.6199999,26,.15000001,,2,6,17,1.1900001,.94,.85000002,4,4,0
208,2,3,1,1,0,0,1,0,0,0,95,1,1,111792,2,5,32,3,5.0500002,26,,0,2,8,14,1.0599999,1.0599999,1.05,5,5,
209,1,3,1,1,0,0,1,0,0,0,75,,,,0,4,36,4,4.25,26,.12,,2,6,18,1.17,.94999999,.94999999,5,5,0
209,2,3,1,1,0,0,1,0,0,0,75,1,1,111192,,6,37,4,5.0500002,26,.2,0,2,7,16,1.11,1.0599999,1.05,5,5,
210,1,4,1,1,0,0,1,0,0,0,90,,,,3,0,19,2,4.5,13,.17,,2,10.5,11.5,1.0599999,.94999999,.94999999,4,2,1
210,2,4,1,1,0,0,1,0,0,0,90,1,1,111392,,0,14,3,5.0500002,13,.2,0,2,10,11,,,,4,,
211,1,1,0,1,1,0,0,0,0,0,80,,,,2,3,28,4,4.5,13,,,2,7,15,1.02,.94999999,.94999999,3,3,0
211,2,1,0,1,1,0,0,0,0,0,80,1,1,111692,,2,35,4,5.0500002,4,,0,2,7,15,,.89999998,,3,2,
212,1,1,0,1,1,0,0,0,0,0,95,,,,0,11,17.5,3,4.5,13,.17,,1,7,16,1.0599999,.88,.83999997,3,2,0
212,2,1,0,1,1,0,0,0,0,0,95,1,1,111092,,20,15,3,5.0500002,4,.52999997,1,2,7,16,1.05,.94,.88999999,2,2,
213,1,1,1,1,1,0,0,0,0,0,50,,,,1,4.5,20,4,4.5500002,4,.15000001,,2,6.5,17.5,.95999998,.93000001,.93000001,4,3,0
213,2,1,1,1,1,0,0,0,0,0,50,2,1,121892,2,12,17.5,4,5.0500002,19,.15000001,1,2,6.5,17.5,1.05,.94,.94,4,3,
214,1,1,0,1,1,0,0,0,0,0,75,,,,0,2,30,3,4.6199999,6.5,.25,,2,7,16,1.02,.88999999,.91000003,2,2,0
214,2,1,0,1,1,0,0,0,0,0,75,1,1,111892,1,0,35,5,5.0500002,,,0,2,6.75,16.25,1.04,.93000001,.95999998,3,2,
215,1,1,0,1,1,0,0,0,0,0,100,,,,0,10,10,3,4.5,13,.2,,2,7,16,1.0599999,.88999999,.91000003,3,3,0
215,2,1,0,1,1,0,0,0,0,0,100,1,1,111092,,20,10,3,5.0500002,26,.15000001,0,3,7,16,.93000001,.83999997,.93000001,3,3,
216,1,2,0,1,1,0,0,0,0,0,100,,,,0,2,11,3,4.25,13,.15000001,,1,11,10.5,1.0599999,.94999999,2.77,4,3,0
216,2,2,0,1,1,0,0,0,0,0,100,1,1,111192,,2,18,3,5.0500002,13,.2,0,2,11,10.5,1.05,.94,2.75,5,3,
217,1,2,1,1,1,0,0,0,0,0,73,,,,0,2,13,2,4.25,13,.17,,1,11,10,.94999999,.74000001,2.1900001,4,3,0
217,2,2,1,1,1,0,0,0,0,0,73,1,1,111192,,0,12,3,5.0500002,26,.2,0,1,10.5,10.5,.94,.73000002,2.3199999,4,4,
218,1,2,1,1,1,0,0,0,0,0,5,,,,0,7,4,2,4.3499999,26,.25,,1,11,10,.85000002,.74000001,2.3399999,3,2,0
218,2,2,1,1,1,0,0,0,0,0,5,1,1,111192,,5,3,3,5.0500002,26,.25,0,1,11,11,.94999999,.73000002,2.1900001,3,3,
219,1,2,1,1,1,0,0,0,0,0,50,,,,0,3,9,3,4.25,19,.12,,2,11,10,.91000003,.74000001,2.3399999,4,3,0
219,2,2,1,1,1,0,0,0,0,0,50,1,1,111192,,9,9,2,5.0500002,26,.18000001,0,1,10.5,10.5,.94,.73000002,2.53,,,
220,1,2,0,1,1,0,0,0,0,0,50,,,,4,3,15,2,4.25,13,.25,,2,11,10,1.0599999,.94999999,2.77,5,3,0
220,2,2,0,1,1,0,0,0,0,0,50,1,1,111492,1,3,12,3,5.0500002,13,.13,0,1,11,10,1.09,.89999998,2.75,4,3,
221,1,2,0,1,1,0,0,0,0,0,95,,,,0,1,28,3,4.5999999,13,.25,,1,11,11,1.02,.94999999,2.5599999,4,3,0
221,2,2,0,1,1,0,0,0,0,0,95,1,1,111192,,1,15,3,5.0500002,13,.15000001,0,1,11,11,1.05,.94,2.53,4,3,
222,1,3,1,1,1,0,0,0,0,0,75,,,,3,2,24,3,4.25,13,.25,,2,9,12.5,1.12,.85000002,1.0599999,3,1,0
222,2,3,1,1,1,0,0,0,0,0,75,1,1,111192,,2,15,3,5.0500002,26,.2,0,2,10,11.5,1.01,1.01,.88999999,3,1,
223,1,3,1,1,1,0,0,0,0,0,30,,,,2,3,18,3,4.75,13,.25,,2,6,16,,,,3,2,0
223,2,3,1,1,1,0,0,0,0,0,30,2,1,121892,2,3,20,3,5.0500002,28,.25,0,2,7,15,1.01,1.01,.94,3,2,
225,1,3,1,1,1,0,0,0,0,0,25,,,,0,3,27,3,4.75,13,.2,,2,6,17,1.0599999,.91000003,.91000003,6,3,0
225,2,3,1,1,1,0,0,0,0,0,25,1,1,111192,,12,25,4,5.0500002,4,.1,0,2,6,17,1.01,1.01,.94,5,3,
226,1,4,0,1,1,0,0,0,0,0,60,,,,0,0,22,2,4.25,13,.25,,1,10.5,11.5,.94999999,.70999998,.94999999,2,2,0
226,2,4,0,1,1,0,0,0,0,0,60,1,1,111792,1,0,26,2,5.3000002,52,.15000001,0,1,10.5,10.5,1,.85000002,.94,2,2,
228,1,4,0,1,1,0,0,0,0,0,20,,,,0,3,28.5,3,4.5,13,.2,,3,10.5,12.5,.94999999,.86000001,.94999999,2,2,1
228,2,4,0,1,1,0,0,0,0,0,20,1,1,111392,,11,19,3,5.0500002,,,0,1,10.5,12.5,1,.83999997,.88999999,2,,
229,1,1,0,1,0,0,1,0,0,0,30,,,,2,3,40,3,4.5,26,.1,,2,8.5,13.5,.94999999,.94999999,1.0599999,5,4,0
229,2,1,0,1,0,0,1,0,0,0,30,1,1,111692,,22,11,3,5.5,26,.15000001,1,2,8.5,13.5,1.01,.94,.94,4,3,
230,1,1,0,1,0,0,1,0,0,0,60,,,,0,0,25,3,4.25,26,.1,,1,7,17,1.02,.94999999,.94999999,3,2,0
230,2,1,0,1,0,0,1,0,0,0,60,1,1,111692,,15,17,3,5.0500002,26,.18000001,0,1,7,17,1.05,.94,.94,3,2,
231,1,1,0,1,0,0,1,0,0,0,,,,,1,,10,3,,26,,,2,7,16,1.02,1.02,.94999999,2,2,0
231,2,1,0,1,0,0,1,0,0,0,,1,1,111092,,16,6,4,5.0500002,4,.25,0,1,7,16,.89999998,.94999999,.94999999,3,1,
232,1,1,0,1,0,0,1,0,0,0,46,,,,3,18,6,3,4.75,26,.12,,3,7,16,1.0599999,.94999999,.94999999,3,3,1
232,2,1,0,1,0,0,1,0,0,0,46,1,1,111892,3,18,10,4,5.0500002,13,.25,0,2,7,15,1.05,.94999999,.94999999,3,2,
233,1,1,0,1,0,0,1,0,0,0,10,,,,0,19,7,3,4.6500001,13,.31999999,,2,7,16,1.17,.94999999,.94999999,2,2,0
233,2,1,0,1,0,0,1,0,0,0,10,1,1,111092,,15,7,3,5.0500002,26,.25,0,2,7,16,1.05,.94,.94,2,2,
234,1,1,0,1,0,0,1,0,0,0,0,,,,2,0,10,3,5,26,,,2,7,16,1.12,,.49000001,2,2,0
234,2,1,0,1,0,0,1,0,0,0,0,1,1,111892,2,10,4,3,5.0500002,26,,0,2,7,16,1.04,1.01,.57999998,3,2,
235,1,1,0,1,0,0,1,0,0,0,100,,,,2,5,17,1,4.25,26,.20999999,,2,7,16,1.02,.94999999,1.04,3,2,0
235,2,1,0,1,0,0,1,0,0,0,100,2,1,121592,4,,28,3,5.0500002,28,.5,1,2,8,15,1.11,1.11,1.03,4,2,
236,1,1,0,1,0,0,1,0,0,0,95,,,,3,0,34,4,,17,,,1,7,17,1.1799999,1.02,1.0599999,4,3,0
236,2,1,0,1,0,0,1,0,0,0,95,1,1,111792,2,23,22,4,5.0500002,8,.28,1,1,7,18,1.1,1.01,.99000001,4,3,
237,1,1,0,1,0,0,1,0,0,0,50,,,,2,12,11,4,4.25,13,.25,,2,7,16,1.11,.94999999,1.01,2,2,0
237,2,1,0,1,0,0,1,0,0,0,50,1,1,110992,,9,17,4,5.0500002,4,.2,0,2,7,15.5,.94,.94,1,2,2,
238,1,2,1,1,0,0,1,0,0,0,100,,,,2,0,22,3,4.75,9,.12,,1,11,12,1.0599999,1.02,2.3399999,5,3,0
238,2,2,1,1,0,0,1,0,0,0,100,1,1,111192,,25,15,5,5.0500002,13,.25,1,1,11,12,1.05,1.05,2.3199999,5,3,
239,1,2,0,1,0,0,1,0,0,0,35,,,,1,15,4,3,4.25,13,.25,,1,10.5,13.5,1.05,.94999999,2.74,5,3,0
239,2,2,0,1,0,0,1,0,0,0,35,1,1,111292,,0,19,2,5.0500002,26,.28,0,1,10.5,12.5,1.05,.83999997,2.3199999,5,3,
240,1,3,1,1,0,0,1,0,0,0,20,,,,0,15,35,3,5.0999999,26,.25,,2,6,17,1.1799999,1.02,1.0599999,6,4,0
240,2,3,1,1,0,0,1,0,0,0,20,1,1,111692,1,15,15,3,5.0500002,26,.15000001,0,2,6,17,1.1,1,1.05,6,4,
241,1,3,0,1,0,0,1,0,0,0,30,,,,2,15,25,4,5,13,.37,,2,7,16,1.12,1.02,1.0599999,5,5,1
241,2,3,0,1,0,0,1,0,0,0,30,1,1,111192,1,15,,4,5.0500002,26,.1,0,2,7,16,1.15,1.05,1.05,5,5,
242,1,3,1,1,0,0,1,0,0,0,0,,,,0,25,10,3,5.25,13,.25,,2,6,17,1.1,1.02,1.0599999,5,4,1
242,2,3,1,1,0,0,1,0,0,0,0,1,1,111192,,12,10,3,5.0500002,8,.2,1,2,7,16,1.11,1.0599999,1.05,6,4,
243,1,3,1,1,0,0,1,0,0,0,40,,,,0,7,25,3,4.5,8,.25,,2,6,16.5,1.0700001,1.02,.74000001,6,3,0
243,2,3,1,1,0,0,1,0,0,0,40,1,1,111192,,7,22,3,5.0500002,26,.1,0,2,7,15.5,1.11,1.0599999,1.05,6,2,
244,1,3,1,1,0,0,1,0,0,0,40,,,,3,12,30,3,4.25,4,.25,,2,6,18,1.17,1.12,1.02,4,3,0
244,2,3,1,1,0,0,1,0,0,0,40,1,1,111192,,16,12,6,5.0500002,26,.25,0,2,7,17,1.11,1.12,1.05,5,3,
245,1,3,0,1,0,0,1,0,0,0,0,,,,3,15,8,3,5.5,,,,1,8.5,13.5,1.2,1.02,1.02,4,2,0
245,2,3,0,1,0,0,1,0,0,0,0,1,1,111792,3,8,12,4,5.0500002,26,,0,1,8.5,13,1.11,1.11,1.05,5,1,
247,1,4,0,1,0,0,1,0,0,0,75,,,,3,0,40,4,4.5,13,.1,,2,10.5,15.5,1.0599999,1.05,1.0599999,2,2,0
247,2,4,0,1,0,0,1,0,0,0,75,2,1,121792,7,0,40,4,5.0500002,,,1,2,10.5,15.5,1.11,1.09,2.0699999,2,2,
248,1,4,0,1,0,0,1,0,0,0,,,,,2,8,16,6,4.75,13,.37,,2,10,16,1.17,.94999999,.85000002,2,2,0
248,2,4,0,1,0,0,1,0,0,0,,1,1,111392,,10,14,6,5.0500002,26,.25,0,2,10,16,1.37,.94999999,2.03,2,1,
249,1,1,0,1,1,0,0,0,0,1,63,,,,1,6,6,4,4.3699999,4,.25,,1,7,15,1.13,1.0599999,.94999999,3,2,0
249,2,1,0,1,1,0,0,0,0,1,63,1,1,110992,,10,12,3,5.0500002,4,.1,0,1,7,15,1.01,1.01,.94,3,2,
250,1,2,1,1,1,0,0,0,0,1,100,,,,2,1,4,2,4.5,13,.30000001,,1,11,10,.85000002,,,4,1,0
250,2,2,1,1,1,0,0,0,0,1,100,1,1,111292,,2,4,3,5.0500002,6,.25,0,1,11,10,.94,.83999997,2.52,5,3,
253,1,3,1,1,1,0,0,0,0,0,,,,,0,7,7,3,4.8699999,52,,,2,7,13,1.23,1.0599999,2.3,2,2,0
253,2,3,1,1,1,0,0,0,0,0,,1,1,111192,,4,8,6,5.0500002,52,.23,,2,7,16,1.23,1.11,2.28,3,2,
254,1,4,0,1,1,0,0,0,0,1,,,,,0,20,10,3,,16,,,1,7,16,1.0599999,.86000001,1.0599999,2,2,0
254,2,4,0,1,1,0,0,0,0,1,,1,1,111492,1,28,10,3,5.25,8,.2,1,1,7,15,1,.85000002,1.05,2,2,
255,1,4,0,1,1,0,0,0,0,0,10,,,,2,0,14,3,,52,.27000001,,1,7,14,1.01,.79000002,.85000002,2,2,1
255,2,4,0,1,1,0,0,0,0,0,10,1,1,111392,,8,12,2,,52,.14,0,1,7,14,1,.85000002,2.1099999,2,2,
257,1,1,0,1,1,0,0,0,0,1,10,,,,2,20,10,3,4.25,39,.2,,2,7,16,1.02,.88,.91000003,2,2,0
257,2,1,0,1,1,0,0,0,0,1,10,2,2,121492,2,,,,,,,,,,,,,,,,
258,1,1,0,1,1,0,0,0,0,0,38,,,,0,4,22,3,4.25,8,.15000001,,2,7,16,1.0599999,.92000002,.89999998,3,3,0
258,2,1,0,1,1,0,0,0,0,0,38,1,1,110992,,20,18,3,5.0500002,13,,0,2,6,18,1.08,.94,.83999997,3,3,
259,1,1,0,1,1,0,0,0,0,0,50,,,,0,13,12,4,5,4,.25,,2,7.5,14.5,1.02,.85000002,.85000002,3,3,0
259,2,1,0,1,1,0,0,0,0,0,50,1,1,110992,,15,15,4,5.0500002,,,0,2,7.5,14.5,1.05,,.83999997,3,3,
260,1,1,1,1,1,0,0,0,0,0,100,,,,2,10,20,4,4.25,4,.17,,2,7,16,1.0599999,.93000001,.88,4,2,1
260,2,1,1,1,1,0,0,0,0,0,100,1,1,110992,,4,26,5,5.0500002,8,.28,0,2,7,16,1.09,.94,.93000001,3,3,
262,1,1,0,1,1,0,0,0,0,0,78,,,,0,7,13,3,4.25,13,.25,,2,6.5,16.5,1.0599999,.94999999,1.0599999,4,4,0
262,2,1,0,1,1,0,0,0,0,0,78,1,1,110992,,0,22.5,3,5.0500002,,.25,0,2,6.5,17.5,1.08,1.02,.87,3,3,
264,1,1,0,1,1,0,0,0,0,0,60,,,,5,0,10,2,4.25,13,.25,,3,7,15,1.02,.88,.91000003,2,2,1
264,2,1,0,1,1,0,0,0,0,0,60,2,1,121492,2,0,23,5,5.0500002,14,,0,2,7,16,1.05,1.11,.94,3,3,
265,1,1,0,1,1,0,0,0,0,0,100,,,,3,0,20,1,4.25,26,.15000001,,2,7,16,1.02,.88,.94,3,3,0
265,2,1,0,1,1,0,0,0,0,0,100,2,3,121492,1,0,0,0,,,,,,,,,,,,,
267,1,1,0,1,1,0,0,0,0,0,80,,,,0,6.5,20,3,4.25,26,.22,,2,7,16,.89999998,.80000001,.80000001,3,2,0
267,2,1,0,1,1,0,0,0,0,0,80,1,1,110992,,30,25,5,5.0500002,26,.2,0,3,7,16,1.05,.88,.91000003,3,2,
268,1,1,1,1,1,0,0,0,0,0,0,,,,1,10,18,4,5,26,.17,,2,7,15,1.02,.85000002,.85000002,5,4,1
268,2,1,1,1,1,0,0,0,0,0,0,1,1,110992,,0,42.5,2,5.0500002,26,.25,1,2,7,15,.94,.77999997,.83999997,4,4,
269,1,2,1,1,1,0,0,0,0,0,33,,,,0,2,10,3,4.4499998,13,.12,,2,11,10,.94999999,.69,1.5,4,3,0
269,2,2,1,1,1,0,0,0,0,0,33,1,1,111892,3,10,3,4,5.0500002,26,.17,0,2,11,11,.94,.73000002,2.3199999,4,3,
271,1,2,1,1,1,0,0,0,0,0,38,,,,3,0,13,2,5,13,.1,,2,11,11,1.02,.79000002,2.3399999,4,2,0
271,2,2,1,1,1,0,0,0,0,0,38,1,1,111792,1,0,15,3,5.0500002,8,.1,0,2,11,12,.89999998,.73000002,2.28,4,3,
272,1,2,1,1,1,0,0,0,0,0,0,,,,4,4,11,3,5.0500002,4,.2,,1,11,11,.94999999,.74000001,2.3399999,4,2,0
272,2,2,1,1,1,0,0,0,0,0,0,1,1,111492,1,2,14,3,5.25,26,.2,0,2,11,12,.94,.73000002,2.3199999,4,3,
273,1,2,1,1,1,0,0,0,0,0,95,,,,0,2,14,4,4.6199999,13,.2,,1,11,10,.94999999,.74000001,2.3399999,4,3,0
273,2,2,1,1,1,0,0,0,0,0,95,1,1,111792,2,2,11,3,5.0500002,6,.18000001,0,1,11,10,.94999999,.74000001,2.3199999,4,3,
274,1,2,1,1,1,0,0,0,0,0,27,,,,0,0,15,2,5.5,26,.12,,2,11,10,.91000003,.74000001,2.3399999,4,3,0
274,2,2,1,1,1,0,0,0,0,0,27,1,1,111392,,3,7,3,5.0500002,26,.2,0,1,11,11,,,2.3199999,,,
275,1,2,1,1,1,0,0,0,0,0,38,,,,0,4,4,4,4.25,9,.25,,2,11,11,.94999999,.79000002,2.3399999,4,3,0
275,2,2,1,1,1,0,0,0,0,0,38,1,1,111492,2,1,8,2,5.0500002,13,.38999999,0,1,11,10.5,.94,.73000002,2.3199999,4,2,
276,1,2,1,1,1,0,0,0,0,0,0,,,,3,5,10,3,5,26,.25,,2,11,10.5,.94999999,.74000001,2.1900001,4,3,0
276,2,2,1,1,1,0,0,0,0,0,0,1,1,111392,,5,15,3,5.0500002,26,.28,0,3,11,12,.94999999,.73000002,2.3199999,5,3,
277,1,2,1,1,1,0,0,0,0,0,10,,,,0,2,15,3,4.25,9,.25,,3,11,10,.94999999,.85000002,2.3399999,3,3,0
277,2,2,1,1,1,0,0,0,0,0,10,1,1,111492,1,1,14,3,5.0500002,,,0,1,11,10,.94,.73000002,2.3199999,3,3,
278,1,2,1,1,1,0,0,0,0,0,43,,,,0,3,4,3,4.25,3,.25,,2,11,10,.94999999,.74000001,2.1900001,4,3,0
278,2,2,1,1,1,0,0,0,0,0,43,1,1,111392,,0,9,4,5.0500002,,,0,1,11,11,.94999999,.73000002,2.3199999,5,3,
282,1,3,1,1,1,0,0,0,0,0,25,,,,2,2,14,3,4.25,13,.13,,2,6,16,1.0599999,.91000003,.79000002,4,3,0
282,2,3,1,1,1,0,0,0,0,0,25,2,3,121492,1,0,0,0,,,,,,,,,,,,,
284,1,3,1,1,1,0,0,0,0,0,88,,,,1,5,23,4,4.5,13,.25,,2,6,16,1.02,.91000003,.91000003,5,4,1
284,2,3,1,1,1,0,0,0,0,0,88,1,1,111692,1,6,12,3,5.0500002,26,.28,0,2,6,16,1.01,1.01,.94,4,3,
285,1,3,1,1,1,0,0,0,0,0,70,,,,1,3,25,3,4.75,4,.25,,2,6,16,1.02,.91000003,.80000001,4,2,0
285,2,3,1,1,1,0,0,0,0,0,70,1,1,111292,,3,15,3,5.0500002,52,.13,0,2,6,16,1.01,1.01,1.01,4,2,
286,1,3,1,1,1,0,0,0,0,0,66,,,,4,1,15,3,4.75,13,.25,,2,10,11.5,1.12,,.94999999,2,1,0
286,2,3,1,1,1,0,0,0,0,0,66,1,1,111692,1,2,15,3,5.0500002,26,.18000001,0,2,10,11.5,1.02,1.01,.94,2,1,
287,1,3,1,1,1,0,0,0,0,0,70,,,,2,3,18,3,4.5,13,.17,,2,6,16,1.0599999,.91000003,.94999999,5,3,0
287,2,3,1,1,1,0,0,0,0,0,70,1,1,111292,,2,15,3,5.0500002,4,.15000001,0,2,6,16,1.01,1.01,.94,5,3,
288,1,3,1,1,1,0,0,0,0,0,15,,,,3,0,20,3,4.75,,.25,,2,6,16,1.02,.94999999,.94999999,6,4,0
288,2,3,1,1,1,0,0,0,0,0,15,1,1,111292,,5,9,3,5.0500002,19,.15000001,0,2,6,16,1.01,1.01,.88999999,5,2,
289,1,3,1,1,1,0,0,0,0,0,50,,,,2,2,12,2,4.25,13,.2,,2,6,16,1.02,.94999999,.94999999,5,3,0
289,2,3,1,1,1,0,0,0,0,0,50,1,1,111292,,3,10,2,5.0500002,26,.25,0,2,7,15,1.01,1.01,2,6,3,
290,1,4,0,1,1,0,0,0,0,0,35,,,,1,8,12,3,4.75,26,.1,,3,10.5,12.5,.94999999,.88999999,.94999999,2,2,0
290,2,4,0,1,1,0,0,0,0,0,35,1,1,111392,1,0,23,2,5.0500002,,,0,1,10.5,11.5,1,.85000002,.94,2,2,
291,1,4,0,1,1,0,0,0,0,0,25,,,,0,4,20,3,4.5500002,16,.12,,1,10.5,11.5,.94999999,.86000001,.94999999,2,2,0
291,2,4,0,1,1,0,0,0,0,0,25,1,1,111392,,5,16,3,5.0999999,17,.1,1,2,10.5,11.5,1,.85000002,.94,2,2,
292,1,4,0,1,1,0,0,0,0,1,2,,,,2,10,15,3,4.8000002,26,.12,,1,7,16,.94999999,.92000002,.94999999,2,1,0
292,2,4,0,1,1,0,0,0,0,1,2,1,1,111392,,15,11,3,5.0500002,52,.25,1,1,7,16,1,.83999997,2.6900001,2,2,
294,1,1,0,1,0,0,1,0,0,0,70,,,,3,0,35,3,,26,.2,,2,7,16,1.0599999,.94999999,.94999999,3,3,0
294,2,1,0,1,0,0,1,0,0,0,70,1,1,110992,,0,35,3,5.0500002,26,.2,0,2,7,16,1.05,.94,.94,3,2,
295,1,1,0,1,0,0,1,0,0,0,100,,,,3,8,9,3,4.75,26,.12,,2,6.5,16.5,1.0599999,.94999999,.94999999,3,3,0
295,2,1,0,1,0,0,1,0,0,0,100,2,1,121592,1,,21,4,5.0500002,28,.18000001,0,2,6,18,1.05,.94,.94,3,3,
296,1,1,1,1,0,0,1,0,0,0,50,,,,0,5,16,4,5.3000002,26,.25,,2,7,16,1.0599999,.94999999,1.01,3,3,0
296,2,1,1,1,0,0,1,0,0,0,50,1,1,111892,3,4,9,6,5.0500002,13,,0,2,7,16,1.05,.94,1,3,2,
297,1,1,1,1,0,0,1,0,0,0,100,,,,1,9,15,3,4.25,13,.050000001,,2,7,16,1.0599999,.91000003,.98000002,3,3,0
297,2,1,1,1,0,0,1,0,0,0,100,1,1,111792,2,15,30,4,5.0500002,26,.15000001,0,2,7,16,1.05,.94,.98000002,3,2,
299,1,2,1,1,0,0,1,0,0,0,0,,,,0,3,8,2,5,26,,,1,10.5,11.5,1.0599999,.85000002,2.3399999,3,2,0
299,2,2,1,1,0,0,1,0,0,0,0,1,1,111792,1,6,12,2,5.0500002,13,.25,0,1,11,11.5,1.05,.83999997,2.3199999,3,2,
301,1,2,1,1,0,0,1,0,0,0,0,,,,4,8,12,5,5,11,.36000001,,3,11,10.5,1.0599999,.85000002,2.3399999,3,1,1
301,2,2,1,1,0,0,1,0,0,0,0,1,1,111492,1,2,7,1,5.0500002,4,.5,0,2,11,10.5,.94,.83999997,2.3199999,3,2,
303,1,3,1,1,0,0,1,0,0,0,28,,,,0,10,35,3,4.3499999,26,.27000001,,2,6,17,1.12,1,1.02,6,5,1
303,2,3,1,1,0,0,1,0,0,0,28,1,1,111692,,12,35,3,5.0500002,13,.15000001,0,2,7,16,1.05,1.05,1.05,5,3,
304,1,3,0,1,0,0,1,0,0,0,50,,,,3,10,20,3,4.5,26,.37,,2,6,17,1.27,1.27,2.24,5,3,0
304,2,3,0,1,0,0,1,0,0,0,50,1,1,111292,,10,15,4,5.0500002,26,.38,1,1,0,24,1.4,1.29,1.05,5,5,
305,1,3,1,1,0,0,1,0,0,0,,,,,2,0,20,3,4.3899999,,,,2,6,17,1.27,1.27,1.0599999,5,4,0
305,2,3,1,1,0,0,1,0,0,0,,1,1,111792,1,5,22,4,5.0500002,2,.34999999,0,1,6,18,1.37,1.3099999,1.05,5,4,
306,1,3,1,1,0,0,1,0,0,0,,,,,0,15,15,3,,17,,,2,6,17,1.02,,1.0599999,4,4,0
306,2,3,1,1,0,0,1,0,0,0,,1,1,111792,1,6,20,3,5.0500002,26,.23,0,2,6,18,1.11,1.05,1.05,,2,
307,1,3,1,1,0,0,1,0,0,0,90,,,,0,17.5,17.5,4,4.25,15,.5,,2,6,18,1.1900001,1.1900001,1.0599999,5,5,0
307,2,3,1,1,0,0,1,0,0,0,90,1,1,111892,1,25,25,6,5.1999998,,,0,2,0,24,1.26,,1.05,5,5,
310,1,4,0,1,0,0,1,0,0,0,61,,,,2,0,28,4,4.25,13,.25,,2,10.5,11.5,.91000003,.91000003,1.9400001,2,1,1
310,2,4,0,1,0,0,1,0,0,0,61,1,1,111392,,3,23,3,5.0500002,26,.30000001,0,2,10.5,11.5,.97000003,.89999998,2.0599999,2,2,
311,1,4,0,1,0,0,1,0,0,0,78,,,,2,0,30,4,,26,.31999999,,2,10.5,11.5,.91000003,.91000003,1.0599999,2,2,1
311,2,4,0,1,0,0,1,0,0,0,78,1,1,111392,,35,30,3,5.0500002,,.2,0,2,10.5,11.5,1.01,.94999999,1.05,2,2,
312,1,1,0,1,1,0,0,0,0,1,100,,,,3,4,6,3,4.25,10,.22,,1,8,11,1.22,1.0599999,.93000001,3,1,0
312,2,1,0,1,1,0,0,0,0,1,100,1,1,110992,,3,2,3,5.0500002,4,.25,0,1,9,10,1.26,1.05,1.02,3,1,
313,1,1,0,1,1,0,0,0,0,1,80,,,,0,11,9,4,4.5,4,.25,,1,7,15,1.0599999,.93000001,.94,3,2,0
313,2,1,0,1,1,0,0,0,0,1,80,1,1,110992,,0,30,,5.0500002,8,.25,0,1,7,15,1,1.01,.88999999,3,3,
314,1,1,0,1,1,0,0,0,0,1,80,,,,8,8,12,3,4.6199999,4,.25,,1,7,15,1.0599999,.94999999,.91000003,3,2,0
314,2,1,0,1,1,0,0,0,0,1,80,1,1,110992,,15,6,4,5.25,13,.15000001,0,1,6,16,1.05,.74000001,.94,3,3,
315,1,1,0,1,1,0,0,0,0,0,65,,,,0,5,19,2,,4,.25,,3,7,16,1,.85000002,.88,3,2,1
315,2,1,0,1,1,0,0,0,0,0,65,1,1,110992,,4.5,20,2,5.0500002,8,.079999998,0,2,7,16,1.05,.83999997,.87,3,2,
316,1,1,1,1,1,0,0,0,0,1,10,,,,0,15,15,3,4.6199999,8,.25,,2,7,16,1.0599999,.92000002,.87,3,2,0
316,2,1,1,1,1,0,0,0,0,1,10,1,1,111692,,12,14,3,5.0500002,26,.15000001,1,2,7,16,1.05,.94,.94,,,
317,1,1,0,1,1,0,0,0,0,1,100,,,,3,0,8,2,4.25,13,.17,,1,8,12,1.22,.93000001,.95999998,3,1,0
317,2,1,0,1,1,0,0,0,0,1,100,1,1,111792,1,4,0,3,5.0500002,8,.13,0,1,8,10.5,1.26,1.05,1.05,2,1,
318,1,2,0,1,1,0,0,0,0,1,36,,,,3,5,7,3,4.75,13,.25,,2,11,12,1.23,.98000002,2.6099999,3,3,1
318,2,2,0,1,1,0,0,0,0,1,36,1,1,111292,,7,6,4,5.0500002,13,.5,1,1,10.5,11.5,1.11,.94999999,2.5899999,3,3,
319,1,2,0,1,1,0,0,0,0,1,,,,,2,0,11,3,4.6199999,2.5,.12,,2,10.5,12.5,1.0599999,.85000002,3.95,,,1
319,2,2,0,1,1,0,0,0,0,1,,1,1,111292,,22,4,3,5.0500002,13,.25,1,1,10.5,11.5,.94999999,.89999998,2.4300001,4,3,
320,1,2,0,1,1,0,0,0,0,1,0,,,,0,5,9,2,5,13,.12,,2,11,12,1.12,.80000001,2.45,4,4,1
320,2,2,0,1,1,0,0,0,0,1,0,1,1,111392,,4,6,3,5.0500002,,,0,1,11,11,1.05,.83999997,2.4300001,4,3,
321,1,2,0,1,1,0,0,0,0,1,10,,,,0,3,14,3,5,,.25,,2,10.5,12.5,1.12,.85000002,2.45,4,2,0
321,2,2,0,1,1,0,0,0,0,1,10,1,1,111492,2,4,11,2,5.0500002,13,.15000001,0,1,11,12,1.05,.83999997,2.4300001,4,3,
322,1,3,1,1,1,0,0,0,0,1,25,,,,0,8,13,4,4.75,13,.15000001,,2,6,16,1.0599999,1.0599999,1.02,6,2,0
322,2,3,1,1,1,0,0,0,0,1,25,1,1,111692,1,12,5,4,5.0500002,13,,0,2,7,15,.95999998,1.01,.94,6,3,
324,1,3,0,1,1,0,0,0,0,0,0,,,,2,20,46,5,5.25,26,.2,,2,0,24,1.1799999,1.0599999,,5,2,0
324,2,3,0,1,1,0,0,0,0,0,0,2,1,121892,4,22,39,5,5.0500002,52,.25,1,2,0,24,1.22,1.05,1.05,5,2,
325,1,3,1,1,1,0,0,0,0,1,50,,,,0,4,15,4,4.5,10,.25,,2,6,15,1.09,1.0599999,.79000002,6,3,0
325,2,3,1,1,1,0,0,0,0,1,50,1,1,111692,,1,15,3,5.0500002,26,.1,0,2,7,15,1.02,1.01,1.01,6,3,
326,1,3,1,1,1,0,0,0,0,1,7,,,,3,18,45,5,5.1500001,11,.15000001,,2,0,24,1.26,.99000001,,4,3,0
326,2,3,1,1,1,0,0,0,0,1,7,1,1,111892,1,0,45,4,5.0500002,,,0,2,0,24,1.22,,1.05,4,2,
330,1,4,0,1,1,0,0,0,0,1,0,,,,0,4,16,3,5.4200001,13,.12,,1,10.5,15.5,1.01,.86000001,.94999999,2,2,1
330,2,4,0,1,1,0,0,0,0,1,0,1,1,111392,,3,20,3,5.6700001,52,.25,0,1,10.5,14.5,.94,.79000002,1.26,2,2,
333,1,1,0,1,0,1,0,0,0,0,100,,,,0,2,16.5,4,4.25,13,.2,,2,7,15,1.02,.88,.81999999,4,,0
333,2,1,0,1,0,1,0,0,0,0,100,1,1,110992,,3,20,3,5.0500002,13,.18000001,0,2,7,15,1.04,.87,.87,3,3,
334,1,1,0,1,1,0,0,0,0,0,0,,,,0,10,10,3,5,4,.17,,3,9,12.5,.91000003,.91000003,.91000003,3,3,0
334,2,1,0,1,1,0,0,0,0,0,0,1,1,110992,,0,20,3,5.0500002,26,.18000001,,3,9,12.5,.89999998,.89999998,.85000002,3,2,
335,1,1,1,1,1,0,0,0,0,0,100,,,,0,9,10,3,,13,.17,,1,6,17,1.0599999,.92000002,.92000002,5,2,0
335,2,1,1,1,1,0,0,0,0,0,100,1,1,111892,3,7,13,3,5.0500002,26,.13,0,1,6,17,1.05,.94,.94,5,2,
336,1,1,0,1,1,0,0,0,0,0,80,,,,2,28,12,4,4.5,4,.2,,2,7,15,1.02,.91000003,.93000001,3,2,0
336,2,1,0,1,1,0,0,0,0,0,80,1,1,110992,,10,20,5,5.0500002,6,.2,0,2,6,16,.94999999,1.05,.94,3,3,
337,1,1,1,1,1,0,0,0,0,0,90,,,,0,5,29.5,5,4.8699999,,.30000001,,3,7,17,1.0599999,.93000001,.93000001,4,3,0
337,2,1,1,1,1,0,0,0,0,0,90,1,1,110992,,25,5,3,5.0500002,26,,0,2,7,17,,,,,,
339,1,1,1,1,1,0,0,0,0,0,70,,,,2,18,6,2,4.25,26,.37,,3,7,16,1.0599999,.85000002,.94999999,3,3,0
339,2,1,1,1,1,0,0,0,0,0,70,1,1,111692,,5,9,2,5.0500002,13,.25,1,1,7,16,.94999999,.94999999,.94999999,3,3,
340,1,1,0,1,1,0,0,0,0,0,30,,,,3,6,30,3,4.25,26,.1,,2,7.5,14.5,.95999998,.94999999,.85000002,5,4,0
340,2,1,0,1,1,0,0,0,0,0,30,1,1,111692,,15,17,2,5.0500002,8,.15000001,0,2,6,16,1.05,.83999997,.83999997,5,4,
341,1,2,1,1,1,0,0,0,0,0,33,,,,0,2,7,2,4.6199999,4,.25,,1,11,9.5,.94999999,.74000001,2.3399999,3,3,0
341,2,2,1,1,1,0,0,0,0,0,33,1,1,111492,,3,7,3,5.0500002,,,0,1,11,11,.89999998,.83999997,2.3199999,4,2,
343,1,2,1,1,1,0,0,0,0,0,43,,,,0,10,6,2,4.75,26,.25,,2,11,10.5,.94999999,.74000001,2.3399999,4,3,0
343,2,2,1,1,1,0,0,0,0,0,43,1,1,111892,4,4,11,2,5.0500002,6,.15000001,0,2,11,12,.94999999,.85000002,2.3199999,4,3,
346,1,2,1,1,1,0,0,0,0,0,,,,,0,2,10.5,2,4.25,19,.2,,2,11,10,.94999999,,,4,3,0
346,2,2,1,1,1,0,0,0,0,0,,1,1,111292,,3,12,3,,,,0,1,11,11,.85000002,,,,,
348,1,3,1,1,0,1,0,0,0,0,75,,,,0,3,10.5,3,4.25,13,.2,,2,10.5,10.5,1.02,1.0599999,.94999999,3,2,0
348,2,3,1,1,0,1,0,0,0,0,75,2,3,121892,1,0,0,0,,,,,,,,,,,,,
349,1,3,1,1,1,0,0,0,0,0,10,,,,1,2.5,27,5,5,6,.15000001,,2,6,16,1.12,.91000003,.94999999,3,3,0
349,2,3,1,1,1,0,0,0,0,0,10,1,1,111192,,0,20,4,5.0500002,4,.18000001,0,2,7,15,1.01,1.01,.94,3,3,
350,1,3,1,1,1,0,0,0,0,0,60,,,,0,8,9,4,4.75,13,.37,,2,6,16,1.0599999,.91000003,1.12,5,,0
350,2,3,1,1,1,0,0,0,0,0,60,1,1,111892,1,5,20,2,5.0500002,13,.23,0,2,6,17,1.01,1.01,.88999999,5,4,
351,1,3,1,1,1,0,0,0,0,0,,,,,1,2,27.5,3,4.25,,,,2,6,16,1.02,.89999998,.94999999,4,3,0
351,2,3,1,1,1,0,0,0,0,0,,1,1,111792,2,10,20,4,5.0500002,52,.52999997,0,2,6,16,1.01,1.01,.73000002,4,2,
352,1,3,1,1,0,0,1,0,0,0,50,,,,0,0,19,4,4.75,8,.25,,2,10,11.5,1.12,.91000003,.99000001,2,2,0
352,2,3,1,1,0,0,1,0,0,0,50,2,5,122392,9,,,,,,,,,,,.94999999,.94999999,.88999999,,,
353,1,3,1,1,1,0,0,0,0,0,90,,,,0,7.5,22.5,3,4.3699999,13,.22,,2,6,16,1.0700001,.85000002,.94999999,5,3,0
353,2,3,1,1,1,0,0,0,0,0,90,2,1,121492,4,,31,4,5.0500002,28,,0,2,6,16,1.01,1.01,.88999999,3,3,
354,1,4,0,1,1,0,0,0,0,0,10,,,,3,14,7,3,5.0599999,4,.25,,1,10.5,10.5,.94999999,.86000001,.94999999,2,2,1
354,2,4,0,1,1,0,0,0,0,0,10,1,1,111392,,9,7,3,5.0500002,13,.23,0,1,10.5,10.5,1,.85000002,.94,2,2,
355,1,4,0,1,0,1,0,0,0,0,100,,,,0,2,17,3,4.8699999,26,.15000001,,1,10.5,11.5,.94999999,.92000002,.94999999,2,2,1
355,2,4,0,1,0,1,0,0,0,0,100,1,1,111392,,3,17,2,,,,0,1,10.5,11.5,1,.85000002,.88999999,2,2,
356,1,4,0,1,1,0,0,0,0,0,0,,,,3,11.5,10,4,5.0500002,13,,,1,10.5,11.5,.94999999,.80000001,1.0599999,2,2,1
356,2,4,0,1,1,0,0,0,0,0,0,1,1,111492,,0,28,4,5.0500002,17,.15000001,1,1,10.5,11.5,1,.85000002,1.05,2,2,
357,1,4,0,1,0,0,1,0,0,0,100,,,,1,4.5,20,3,5,16,.2,,1,10.5,11.5,.94999999,.86000001,.94999999,2,2,0
357,2,4,0,1,0,0,1,0,0,0,100,1,1,111392,,21,6,3,5.25,13,.25,0,1,10.5,12.5,1,.83999997,2.3499999,2,2,
359,1,1,1,1,1,0,0,0,0,0,100,,,,1,0,22,4,4.25,26,.17,,2,7,15,1.02,.85000002,.81999999,3,3,0
359,2,1,1,1,1,0,0,0,0,0,100,1,1,111692,,0,26,4,5.0500002,26,.25,0,2,7,16,1.05,.87,.81999999,3,2,
360,1,1,0,1,1,0,0,0,0,0,100,,,,0,3,25,2,4.25,13,.15000001,,2,7,15,1.0599999,.83999997,.88999999,3,3,1
360,2,1,0,1,1,0,0,0,0,0,100,1,1,111692,,5,32,7,5.0500002,4,.25,0,2,7,16,1.05,.87,.81999999,3,3,
361,1,1,0,1,1,0,0,0,0,0,100,,,,0,6,13,5,4.25,26,.22,,2,7,16,1.02,.91000003,.85000002,3,3,0
361,2,1,0,1,1,0,0,0,0,0,100,1,1,110792,,4,23,6,5.0500002,26,.18000001,0,2,7,16,.89999998,.93000001,.92000002,3,2,
362,1,2,0,1,1,0,0,0,0,0,100,,,,0,6,13,,4.25,13,.66000003,,2,10.5,12.5,1.0599999,.81,2.45,5,3,1
362,2,2,0,1,1,0,0,0,0,0,100,1,1,111292,,24,4,4,5.0500002,13,.18000001,0,1,10.5,12.5,1.05,.83999997,2.4300001,5,3,
363,1,2,0,1,1,0,0,0,0,0,75,,,,2,0,25,3,4.25,18,.18000001,,2,10.5,12.5,1.0599999,.80000001,2.45,4,3,0
363,2,2,0,1,1,0,0,0,0,0,75,1,1,111292,,14,7,2,5.1999998,4,.13,0,2,10.5,12.5,1.01,.80000001,2.4300001,4,4,
364,1,2,0,1,1,0,0,0,0,0,,,,,3,3.5,20,3,4.25,13,.12,,2,11,12,.94999999,.85000002,2.45,4,4,1
364,2,2,0,1,1,0,0,0,0,0,,1,1,111492,,1,30,4,5.0500002,52,.25,0,1,10.5,12.5,1.05,.83999997,2.4300001,5,3,
366,1,3,0,1,1,0,0,0,0,0,50,,,,3,2,17,3,4.5,13,.25,,2,10.5,11.5,1.02,.91000003,.63,5,4,0
366,2,3,0,1,1,0,0,0,0,0,50,1,1,111892,1,1,19,4,5.0500002,13,.25,0,2,10.5,11.5,1.01,.89999998,.63,4,3,
368,1,4,0,1,1,0,0,0,0,0,20,,,,1,0,20,3,4.25,13,.15000001,,3,10.5,12.5,.88999999,.86000001,.94999999,2,1,0
368,2,4,0,1,1,0,0,0,0,0,20,1,1,111392,,0,25,2,5.0500002,19,.15000001,0,1,10.5,11.5,1,.85000002,.94999999,2,2,
369,1,1,1,1,0,0,1,0,0,0,87,,,,1,0,15,4,4.3499999,18,.12,,2,7,15,1.17,1.0599999,1.17,3,2,0
369,2,1,1,1,0,0,1,0,0,0,87,2,3,120992,,0,0,0,,,,,,,,,,,,,
370,1,1,0,1,0,0,1,0,0,0,80,,,,0,20,11.5,3.3,4.8499999,18,.25,,3,7,16,1.0599999,.94999999,.94999999,3,2,0
370,2,1,0,1,0,0,1,0,0,0,80,1,1,110792,,26,5,3,5.0500002,,.1,1,3,7,16,,,,3,2,
371,1,1,0,1,0,0,1,0,0,0,100,,,,0,12,23,4,5,13,.15000001,,2,7,16,1.0599999,1.02,.94999999,3,3,0
371,2,1,0,1,0,0,1,0,0,0,100,1,1,110792,,11,22,5,5.25,26,,0,3,7,16,,,,4,2,
372,1,1,1,1,0,0,1,0,0,0,30,,,,2,0,45,5,,26,.15000001,,3,6.5,19,1.1,.94999999,1.1,4,,1
372,2,1,1,1,0,0,1,0,0,0,30,1,1,111792,1,30,20,5,5.0500002,8,.079999998,0,2,6.5,18.5,1.0599999,1.05,1.04,4,3,
373,1,1,1,1,0,0,1,0,0,0,100,,,,0,14,12,4,5,4,.25,,2,6.5,15.5,1.01,.94999999,1.03,6,3,0
373,2,1,1,1,0,0,1,0,0,0,100,1,1,110792,,18,15,4,5.0500002,13,.25,1,2,6.5,15.5,1.1,.94,1.02,6,5,
375,1,1,0,1,0,0,1,0,0,0,0,,,,3,25,10,4,5.25,26,.25,,1,7,15,1.02,.80000001,,4,2,1
375,2,1,0,1,0,0,1,0,0,0,0,1,1,111692,1,0,25,4,5.5,26,.1,1,1,7,15,1.05,.94,1.01,3,3,
376,1,1,0,1,0,0,1,0,0,0,,,,,3,4,10,4,4.5,13,.1,,2,8,14,.94999999,.94999999,.95999998,8,4,0
376,2,1,0,1,0,0,1,0,0,0,,1,1,111792,2,0,17,3,5.0500002,15,.2,1,2,8,14,1.26,1.01,1,3,3,
377,1,1,0,1,0,0,1,0,0,0,90,,,,3,12,6,3,4.25,26,.15000001,,2,8,14,1.0599999,.94999999,.94999999,3,2,1
377,2,1,0,1,0,0,1,0,0,0,90,1,1,110792,,11,12,3,5.0500002,26,.2,0,2,8,14,1.05,.94999999,.94,3,1,
378,1,1,1,1,0,0,1,0,0,0,,,,,4,10,8,4,5,52,.1,,2,6.5,18.5,1.1,.95999998,1.1,5,5,0
378,2,1,1,1,0,0,1,0,0,0,,1,1,110792,,20,15,4,5.0500002,52,.25,1,2,6,19,1.05,.99000001,1.03,6,4,
379,1,1,0,1,0,0,1,0,0,0,30,,,,0,20,12,4,4.6199999,26,.17,,3,7,16,1.0599999,1.0599999,.94999999,3,2,0
379,2,1,0,1,0,0,1,0,0,0,30,1,1,111792,1,28,6,3,5.0500002,52,.15000001,1,1,7,16,1.0599999,1.0599999,1.0599999,3,2,
380,1,1,0,1,0,0,1,0,0,0,50,,,,0,10,15,3,4.5,52,.2,,3,7,16,1.0599999,.94999999,.94999999,3,2,0
380,2,1,0,1,0,0,1,0,0,0,50,1,1,110792,,15,14,3,5.0500002,26,.13,0,1,7,16,1.05,.94,.94,3,2,
381,1,1,0,1,0,0,1,0,0,0,0,,,,0,10,20,4,5,13,.5,,2,6.5,16.5,1.27,1.17,1.1,4,2,1
381,2,1,0,1,0,0,1,0,0,0,0,1,1,111692,,15,15,5,5.0500002,8,.47,1,2,6.5,16.5,1.37,1.16,1.16,4,2,
383,1,1,0,1,0,0,1,0,0,0,30,,,,3,6,4,2,4.5,26,.25,,1,7,16,1.15,.94999999,.94999999,2,2,0
383,2,1,0,1,0,0,1,0,0,0,30,1,1,111892,2,7,2,2,5.0500002,26,.38,0,1,7,16,1.16,1.01,1.05,2,2,
384,1,1,0,1,0,0,1,0,0,0,,,,,3,,,3,4.6500001,26,.25,,2,7,16,1.0599999,.94999999,.94999999,3,2,0
384,2,1,0,1,0,0,1,0,0,0,,1,1,110792,,0,30,3,5.0500002,26,.1,0,3,7,16,1.05,1.05,.88999999,3,2,
385,1,1,0,1,0,0,1,0,0,0,25,,,,2,16,14,3,4.25,,.15000001,,1,7,17,,,,3,2,1
385,2,1,0,1,0,0,1,0,0,0,25,2,1,120992,4,15,14,3,5.0500002,28,.1,0,2,7,17,1.16,1.22,.41,3,3,
386,1,1,0,1,0,0,1,0,0,0,,,,,0,0,19,3,4.25,39,.25,,1,7,17,1.0599999,.94999999,.94999999,3,2,0
386,2,1,0,1,0,0,1,0,0,0,,1,1,111692,,14,10,4,5.0500002,26,.25,0,1,7,17,1.05,.94999999,.94999999,4,2,
391,1,2,0,1,0,0,1,0,0,0,12,,,,3,15,5,2,4.25,6,.12,,2,11,10,1.0599999,1.0599999,2.6600001,3,3,0
391,2,2,0,1,0,0,1,0,0,0,12,1,1,111492,2,12,7,2,5.0500002,,,0,2,11,10,1.05,1.05,2.6400001,4,3,
393,1,2,1,1,0,0,1,0,0,0,100,,,,4,4,10,3,4.6199999,2,.25,,2,11,11,1.17,1.27,2.77,3,2,0
393,2,2,1,1,0,0,1,0,0,0,100,1,1,111792,3,18,4,3,5.25,13,.25,1,1,11,11,1.16,1.26,2.75,3,2,
396,1,3,1,1,0,0,1,0,0,0,10,,,,1,24,16,4,4.8699999,9,.37,,2,6,17,1.27,1.0700001,2.1300001,5,3,0
396,2,3,1,1,0,0,1,0,0,0,10,1,1,111192,,8,30,3,5.4000001,26,.1,0,2,7,16,1.11,1.05,1.05,5,3,
397,1,3,1,1,0,0,1,0,0,0,85,,,,2,4,28,3,4.25,52,.62,,2,6,17,1.12,1.02,1.0599999,4,3,0
397,2,3,1,1,0,0,1,0,0,0,85,2,1,122892,9,6,15,3,5.0500002,52,.23999999,0,2,6,17,1.17,1.0599999,2.1099999,4,3,
398,1,3,1,1,0,0,1,0,0,0,25,,,,1,14,13,4,4.75,13,.15000001,,2,6,17,1.12,1.0599999,1.0599999,5,4,0
398,2,3,1,1,0,0,1,0,0,0,25,2,1,121092,2,25,15,3,5.0500002,28,,0,2,6,17,1.11,1.0599999,1.05,5,3,
399,1,3,1,1,0,0,1,0,0,0,,,,,0,13,8,3,4.8699999,18,.30000001,,2,6,17,1.27,1.04,1.12,7,3,1
399,2,3,1,1,0,0,1,0,0,0,,1,1,111192,,18,18,4,5.0500002,26,.23,0,2,7,16,1.26,1.08,1.05,7,4,
400,1,3,1,1,0,0,1,0,0,0,50,,,,0,16,15,3,4.5,39,.5,,3,6,17,1.2,1.0599999,1.0599999,5,5,0
400,2,3,1,1,0,0,1,0,0,0,50,1,1,111192,,8,24,3,5.0500002,41,.15000001,0,2,7,16,1.17,1.01,1.05,5,3,
401,1,3,0,1,0,0,1,0,0,0,18,,,,0,8,6,4,4.25,13,.17,,2,7,16,1.12,1.02,1.02,6,4,1
401,2,3,0,1,0,0,1,0,0,0,18,1,1,111792,2,5,27,4,5.0500002,26,.15000001,0,2,6,16,1.12,1.05,1.05,6,4,
402,1,3,1,1,0,0,1,0,0,0,20,,,,2,11,10,3,4.75,26,.25,,2,6,16,1.12,1.02,1.0599999,4,2,0
402,2,3,1,1,0,0,1,0,0,0,20,1,1,111692,,17,5,2,5.0500002,26,.13,0,2,7,15,1.11,1.05,1.05,4,1,
403,1,3,1,1,0,0,1,0,0,0,10,,,,2,13,31,,5.0500002,26,.15000001,,2,6,18,1.09,1.12,1.0599999,5,4,0
403,2,3,1,1,0,0,1,0,0,0,10,1,1,111892,3,11,23,3,5.0500002,13,,1,2,7,16,1.11,1.0599999,1.05,4,4,
405,1,3,1,1,0,0,1,0,0,0,57,,,,3,6,17,3,4.3200002,26,.12,,2,6,17,1.12,1.02,1.0599999,7,4,0
405,2,3,1,1,0,0,1,0,0,0,57,1,1,111692,,1.5,15,3,5.0500002,26,.15000001,0,2,7,16,1.12,1.01,1.05,6,3,
406,1,4,1,1,0,0,1,0,0,0,0,,,,0,12,35,4,5,,.31999999,,1,10.5,11.5,1.02,,2.1400001,2,2,0
406,2,4,1,1,0,0,1,0,0,0,0,1,1,111392,,17,22,4,5.5,13,,,1,10.5,12.5,.83999997,.94,1.99,2,2,
407,1,2,1,0,0,0,0,0,1,0,90,,,,0,2,12,3,4.75,52,.12,,3,11,10,.94999999,.74000001,2.3299999,4,3,0
407,2,2,1,0,0,0,0,0,1,0,90,1,1,111492,,1,14,3,4.25,4,.30000001,0,1,11,11,.94999999,.83999997,2.53,4,3,
409,1,1,0,1,0,0,1,0,0,0,0,,,,0,3,60,2,5,39,,,1,7,15,1.1900001,.87,.94999999,3,3,0
409,2,1,0,1,0,0,1,0,0,0,0,1,1,111792,2,0,15,3,5.0500002,,,0,1,7,15,1.09,1.04,1.01,3,3,
410,1,1,0,1,0,0,1,0,0,0,,,,,0,0,35,3,4.25,26,.1,,3,7,16,1.04,1.12,1.02,4,3,0
410,2,1,0,1,0,0,1,0,0,0,,1,1,111692,,0,35,3,5.0500002,26,.1,1,2,7,16,1.1900001,.98000002,1.01,4,3,
411,1,1,0,1,0,0,1,0,0,0,100,,,,1,0,36,3,4.5,26,.1,,2,7,16,1.16,1.02,1.09,5,4,0
411,2,1,0,1,0,0,1,0,0,0,100,1,1,111692,,4,36,3,5.0500002,4,.13,1,2,7,16,1.15,1.01,1.01,5,4,
412,1,2,0,1,0,1,0,0,0,0,18,,,,0,0,17,2,4.5,,.37,,1,11,11,1.0599999,1.02,2.3399999,5,2,0
412,2,2,0,1,0,1,0,0,0,0,18,1,1,111292,,0,13,2,5.0500002,,,0,1,11,11,1.15,1.05,2.6400001,5,3,
413,1,1,0,1,0,0,1,0,0,0,100,,,,0,0,36,5,4.25,9,.5,,1,6,17,1.12,1.02,1.0599999,4,3,0
413,2,1,0,1,0,0,1,0,0,0,100,1,1,110792,,0,20,3,5.0500002,26,.13,1,1,7,17,1.11,1.01,1.05,4,2,
414,1,1,0,1,0,0,1,0,0,0,45,,,,0,0,36,5,4.25,26,,,1,7,16,1.0599999,.94999999,1.11,4,2,0
414,2,1,0,1,0,0,1,0,0,0,45,1,1,111692,,13,9,4,5.0500002,26,.38,1,3,7,16,1.15,.94999999,1.13,4,3,
415,1,1,0,1,0,0,1,0,0,0,65,,,,0,8,32,5,4.25,9,,,2,7,16,1.0599999,.91000003,.98000002,5,3,1
415,2,1,0,1,0,0,1,0,0,0,65,1,1,110792,,0,38,4,5.0500002,52,,0,2,7,16,1.05,.89999998,1.04,4,2,
417,1,1,1,1,0,0,1,0,0,0,90,,,,0,4,28,3,4.25,13,.2,,2,7,16,1.05,.94,1.0700001,4,4,1
417,2,1,1,1,0,0,1,0,0,0,90,1,1,110992,,13,17,4,5.0500002,26,.15000001,1,3,7,16,1.11,1.09,1,3,2,
418,1,1,0,1,0,0,1,0,0,0,10,,,,2,30,15,4,4.25,26,.1,,2,8,15,1.02,1.01,.51999998,4,3,1
418,2,1,0,1,0,0,1,0,0,0,10,1,1,110992,,0,35,4,5.0500002,26,.15000001,0,2,7,16,1.03,.89999998,.58999997,3,3,
419,1,2,1,1,0,0,1,0,0,0,15,,,,4,3,10,4,4.25,,.5,,2,11,11,1.0599999,.85000002,2.3399999,4,4,0
419,2,2,1,1,0,0,1,0,0,0,15,2,1,121592,4,5,5,2,5.0500002,,,0,1,11,11,1.05,.83999997,2.53,4,3,
421,1,2,1,1,0,0,1,0,0,0,10,,,,3,20,10,8,4.6199999,4,.37,,2,10.5,13,1.0599999,.85000002,2.3399999,4,2,0
421,2,2,1,1,0,0,1,0,0,0,10,1,1,111792,3,25,7,8,5.0500002,4,1,0,2,10.5,13,1.05,.83999997,2.3199999,4,2,
422,1,2,0,1,0,0,1,0,0,0,,,,,2,0,7,3,4.75,,.25,,2,10,11,1.0599999,.85000002,2.3399999,4,2,0
422,2,2,0,1,0,0,1,0,0,0,,1,1,111492,2,5,10,6,5.0500002,,,0,1,11,11,1.01,.83999997,2.3199999,4,4,
423,1,2,1,1,0,0,1,0,0,0,33,,,,3,2,10,2,4.9499998,13,.5,,1,11,12,1.0599999,.85000002,2.3399999,3,2,1
423,2,2,1,1,0,0,1,0,0,0,33,1,1,111492,1,19,3.5,3,5.25,13,.5,0,1,11,11,1.05,.83999997,2.3199999,3,2,
424,1,2,1,1,0,0,1,0,0,0,45,,,,0,3.5,6.5,3,4.75,13,.25,,1,11,11,1.0599999,.85000002,2.3399999,5,3,0
424,2,2,1,1,0,0,1,0,0,0,45,1,1,111792,1,12,3,4,5.25,19,.5,0,1,11,14,1.05,.94,2.3199999,5,3,
426,1,3,1,1,0,0,1,0,0,0,75,,,,0,3,33,5,4.25,26,.15000001,,2,5,19,1.1799999,1.02,1.0599999,5,3,0
426,2,3,1,1,0,0,1,0,0,0,75,1,1,111192,,5,25,3,5.0500002,19,.25,1,2,6,18,1.11,1.05,1.05,6,5,
427,1,4,0,1,0,0,1,0,0,0,40,,,,3,7,8,3,4.75,13,.1,,2,10.5,12.5,1.0599999,.98000002,2.03,2,2,0
427,2,4,0,1,0,0,1,0,0,0,40,2,1,121792,4,0,35,3,5.0500002,,,1,2,10.5,12.5,1.11,1.09,2.0699999,2,2,
428,1,4,0,1,0,0,1,0,0,0,100,,,,2,0,33,3,4.6199999,13,.12,,2,10.5,12.5,1.0599999,.98000002,1.0599999,2,2,0
428,2,4,0,1,0,0,1,0,0,0,100,1,1,111392,,10,24,3,5.1399999,13,.1,0,2,10.5,12.5,1.05,.88999999,2.1099999,2,2,
430,1,1,0,0,0,0,0,1,0,0,44,,,,0,20,25,4,4.25,13,.15000001,,2,7,15,.94999999,.75,.80000001,3,3,0
430,2,1,0,0,0,0,0,1,0,0,44,1,1,110792,,0,48,3,4.25,26,.13,0,2,7,16,.91000003,.73000002,.75,3,3,
432,1,1,0,0,0,0,0,1,0,0,75,,,,0,20,55,5,4.5,17,.15000001,,2,7,16,.94,.74000001,.79000002,4,3,0
432,2,1,0,0,0,0,0,1,0,0,75,1,1,110792,1,25,10,4,5.0500002,26,.2,0,2,7,16,.94,.74000001,.79000002,3,1,
433,1,1,0,0,0,0,0,1,0,0,75,,,,0,10,30,4,4.25,13,.15000001,,2,7,16,.94999999,.73000002,.80000001,3,3,0
433,2,1,0,0,0,0,0,1,0,0,75,2,1,123092,6,0,42,4,,,,0,2,7,16,.94,.74000001,.74000001,3,3,
434,1,1,0,0,0,0,0,1,0,0,77,,,,2,15,50,5,4.25,6,.25,,2,7,16,.94999999,.75,,3,3,0
434,2,1,0,0,0,0,0,1,0,0,77,1,1,111692,,19,29,4,4.25,,,0,2,7,16,.94999999,.80000001,.80000001,3,3,
435,1,1,0,0,0,0,0,1,0,0,25,,,,1,1,37.5,3,4.25,4,.17,,2,6.5,15.5,.94999999,.75,.79000002,3,3,1
435,2,1,0,0,0,0,0,1,0,0,25,1,1,110792,,0,32,5,4.25,6,.15000001,1,2,6.5,15.5,.94,.74000001,.79000002,3,2,
438,1,2,0,0,0,0,0,1,0,0,11,,,,2,0,9,3,4.25,52,.07,,2,11,8,1.01,.83999997,2.4300001,2,1,0
438,2,2,0,0,0,0,0,1,0,0,11,1,1,111292,,2,9,3,4.25,52,.050000001,0,2,11,9,.94999999,.83999997,2.4300001,2,1,
440,1,4,0,0,0,0,0,1,0,0,100,,,,2,0,25,3,4.25,19,.15000001,,2,10.5,11.5,.88999999,.79000002,2.01,2,2,0
440,2,4,0,0,0,0,0,1,0,0,100,1,1,111392,,0,30,3,,,,0,2,10.5,11.5,1,.80000001,1.8,2,2,
441,1,4,0,0,0,0,0,1,0,0,100,,,,2,30,10,3,4.25,4,.25,,2,10.5,11.5,.88999999,.76999998,.83999997,2,2,1
441,2,4,0,0,0,0,0,1,0,0,100,1,1,111392,,0,30,3,4.25,4,.25,0,2,10.5,11.5,1,.80000001,1.8099999,2,2,
443,1,4,0,0,0,0,0,1,0,0,95,,,,0,4,19,4,4.25,4,.25,,2,10.5,11.5,.88999999,.79000002,1.8,2,2,0
443,2,4,0,0,0,0,0,1,0,0,95,1,1,111392,,5,20,4,4.3499999,17,.18000001,0,2,10.5,11.5,1,.80000001,1.8099999,2,2,
444,1,4,0,0,0,0,0,1,0,0,,,,,2,12,20,3,4.25,19,.37,,2,10.5,12.5,.88999999,.80000001,.83999997,2,2,0
444,2,4,0,0,0,0,0,1,0,0,,1,1,111392,,10,35,4,4.5,4,.30000001,0,2,10.5,11.5,.88999999,,.79000002,2,2,
445,1,1,0,0,0,0,0,0,1,0,0,,,,0,50,35,3,5,26,.1,,2,6,18,1.04,.88,.94,3,3,0
445,2,1,0,0,0,0,0,0,1,0,0,1,1,110792,,15,18,5,4.75,26,.15000001,0,2,6,18,1.04,.86000001,.94,3,3,
446,1,1,0,0,0,0,0,0,1,0,50,,,,2,,,3,4.5,4,.25,,2,6,18,1.03,.83999997,.94,,,0
446,2,1,0,0,0,0,0,0,1,0,50,1,1,110792,,7,24,4,5,4,.25,1,2,6,18,.97000003,.83999997,.91000003,4,3,
448,1,1,0,0,0,0,0,0,1,0,78,,,,0,8,18,4,4.75,4,.25,,2,6,18,.97000003,.83999997,.91000003,3,3,1
448,2,1,0,0,0,0,0,0,1,0,78,1,1,111892,1,8,27,3,4.5,13,.25,0,2,6,18,.95999998,.82999998,.87,3,3,
449,1,1,0,0,0,0,0,0,1,0,3,,,,2,0,25,3,4.8699999,3.5,,,2,6,18,,,,4,4,0
449,2,1,0,0,0,0,0,0,1,0,3,1,1,110792,,15,15,5,5,52,.25,0,2,6,18,.97000003,.83999997,.73000002,3,3,
450,1,1,0,0,0,0,0,0,1,0,50,,,,0,2,21,3,4.75,13,.15000001,,2,6.5,16.5,.97000003,.81999999,.83999997,3,3,0
450,2,1,0,0,0,0,0,0,1,0,50,1,1,111892,2,27.5,8,3,4.75,13,.25,1,2,6,18,.91000003,.83999997,.86000001,3,3,
451,1,1,0,0,0,0,0,0,1,0,0,,,,0,10,17,5,5,52,.25,,2,0,24,1.05,.83999997,.95999998,6,4,0
451,2,1,0,0,0,0,0,0,1,0,0,1,1,111792,2,26,9,6,5,26,.2,0,2,0,24,1.11,.83999997,.94,6,3,
454,1,2,1,0,0,0,0,0,1,0,,,,,0,1,9,3,4.5,4,.15000001,,2,11,10,.94,.73000002,2.53,4,3,0
454,2,2,1,0,0,0,0,0,1,0,,1,1,111292,,0,18,5,5,13,.25,0,1,11,11,.94,.73000002,2.6400001,4,3,
455,1,2,1,0,0,0,0,0,1,0,0,,,,0,2,8,5,5.25,13,.25,,1,11,10,.73000002,.73000002,2.3199999,2,2,0
455,2,2,1,0,0,0,0,0,1,0,0,1,1,111292,,3,12,2,5,13,.25,0,2,11,11,.94,.83999997,2.3199999,4,3,
458,1,2,1,0,0,0,0,1,0,0,0,,,,2,2,10,2,5,19,.15000001,,1,11,10,.94,.73000002,2.3199999,4,4,0
458,2,2,1,0,0,0,0,1,0,0,0,1,1,111792,1,2,9,2,5,13,.25,0,1,11,10.5,.89999998,.73000002,2.3199999,4,3,
459,1,3,1,0,0,0,0,0,1,0,,,,,0,5,20,3,4.25,13,.37,,2,6,16,1.05,.89999998,.94,5,,0
459,2,3,1,0,0,0,0,0,1,0,,2,1,122292,1,0,20,5,4.3499999,28,.15000001,1,2,7,15,1.01,1.01,.88999999,4,2,
462,1,3,1,0,0,0,0,0,1,0,5,,,,0,2.5,20,3,5,13,.37,,2,9,12.5,1.05,1.01,1.11,4,4,1
462,2,3,1,0,0,0,0,0,1,0,5,2,1,122292,1,1,25,4,4.75,13,.2,0,2,9,12,1.01,1.01,.88999999,6,3,
466,1,4,0,0,0,0,0,0,1,0,65,,,,2,8,17.5,4,4.75,17,.30000001,,3,10.5,11.5,.94,.80000001,.94,2,2,1
466,2,4,0,0,0,0,0,0,1,0,65,1,1,111892,5,14,12,3,,52,,0,1,10.5,11.5,.94,,,2,2,
468,1,1,0,0,0,0,0,0,1,0,0,,,,0,40,30,3,5,13,.17,,2,6,18,.94999999,.94,.94999999,4,3,0
468,2,1,0,0,0,0,0,0,1,0,0,1,1,110792,,9,32,4,5,26,.13,1,2,6,18,.97000003,.83999997,.86000001,4,3,
469,1,1,0,0,0,0,0,0,1,0,80,,,,0,8,27,5,5,39,.25,,2,6,18,.92000002,.72000003,.95999998,3,2,0
469,2,1,0,0,0,0,0,0,1,0,80,1,1,111692,1,7,39,4,4.5,41,.23,0,2,6,18,.92000002,.81,.87,3,3,
470,1,1,0,0,0,0,0,0,1,0,0,,,,0,10.5,30,3,5.5,,.30000001,,2,6,18,.97000003,.83999997,.94,3,3,0
470,2,1,0,0,0,0,0,0,1,0,0,1,1,111792,2,18,10,3,4.75,13,.15000001,1,2,6,18,1.03,.83999997,.94,3,2,
471,1,1,0,0,0,0,0,0,1,0,50,,,,2,25,20,4,4.25,26,,,2,6,18,.97000003,.83999997,.91000003,2,2,0
471,2,1,0,0,0,0,0,0,1,0,50,1,1,111692,,12,23,3,4.25,26,.15000001,0,2,6,18,.97000003,.86000001,.91000003,3,1,
472,1,1,0,0,0,0,0,0,1,0,80,,,,2,37.5,2,3,4.25,52,,,2,6.5,16.5,.97000003,1.05,.91000003,3,3,0
472,2,1,0,0,0,0,0,0,1,0,80,1,1,110792,,8,25,3,4.9000001,13,.18000001,0,2,6,17,.95999998,.83999997,.91000003,3,3,
473,1,1,0,0,0,0,0,0,1,0,50,,,,0,5,27,4,4.75,26,.5,,2,6,17,.97000003,.86000001,.88999999,3,2,1
473,2,1,0,0,0,0,0,0,1,0,50,1,1,111792,1,26,15,2,4.5,19,.13,0,2,6,17,.97000003,.83999997,.86000001,3,3,
474,1,1,0,0,0,0,0,0,1,0,0,,,,2,6,9,3,5,26,.37,,2,9,12.5,1.13,.98000002,1.01,3,1,0
474,2,1,0,0,0,0,0,0,1,0,0,2,1,122292,1,5,20,3,4.5,,0,0,2,8.5,13,1.09,.94,.94,3,2,
475,1,1,0,0,0,0,0,0,1,0,60,,,,1,25,8,3,4.5,,,,1,7,15,1.02,.88999999,.89999998,3,3,0
475,2,1,0,0,0,0,0,0,1,0,60,1,1,110792,,10,16,3,4.5,26,.15000001,0,1,7,15,1.02,.94,.89999998,3,3,
476,1,1,0,0,0,0,0,1,0,0,60,,,,2,6,30,3,4.25,52,.12,,2,6,18,.94999999,.79000002,.91000003,3,3,0
476,2,1,0,0,0,0,0,1,0,0,60,1,1,111792,1,5,30,3,4.75,52,.2,0,2,6,18,.95999998,.83999997,1.1799999,3,3,
477,1,1,0,0,0,0,0,0,1,0,50,,,,1,8,28,4,4.25,39,.12,,2,6.5,16.5,.97000003,.77999997,.99000001,3,3,1
477,2,1,0,0,0,0,0,0,1,0,50,1,1,110792,,6,20,4,6.25,26,.5,0,2,6,17,.95999998,.83999997,.88999999,3,3,
478,1,1,0,0,0,0,0,1,0,0,30,,,,0,32,25,4,4.5,13,.22,,2,6,19,.97000003,.86000001,.91000003,3,3,0
478,2,1,0,0,0,0,0,1,0,0,30,2,1,122292,1,8,30,4,4.3499999,13,.25,0,2,6,18,1.01,.88,.91000003,3,2,
481,1,2,1,0,0,0,0,0,1,0,0,,,,2,5,17.5,3,5.25,26,.25,,3,11,10,.94999999,.74000001,2.53,5,4,1
481,2,2,1,0,0,0,0,0,1,0,0,1,1,111792,2,15,4,3,5,26,.25,1,2,11,11,.74000001,.73000002,2.53,3,3,
483,1,2,1,0,0,0,0,0,1,0,0,,,,0,1,15,1,5,13,.07,,2,11,10,.94,.73000002,2.3199999,4,3,1
483,2,2,1,0,0,0,0,0,1,0,0,1,1,111292,,4,13,3,4.75,13,.18000001,0,1,11,11,.94999999,.74000001,2.3299999,4,3,
485,1,2,1,0,0,0,0,0,1,0,80,,,,2,1,9,3,4.5,26,.37,,2,11,10,.94999999,.74000001,2.3299999,4,3,0
485,2,2,1,0,0,0,0,0,1,0,80,1,1,111292,,4,12,3,4.5,19,,0,2,11,11,1.01,.73000002,2.3199999,4,3,
487,1,3,1,0,0,0,0,0,1,0,0,,,,0,10,6,2,5,13,.17,,2,10,11.5,1.11,.91000003,.94999999,6,3,1
487,2,3,1,0,0,0,0,0,1,0,0,1,1,111192,,6,20,3,4.75,26,.1,0,2,10.5,11,1.05,1.01,.94,6,1,
488,1,3,0,0,0,0,0,0,1,0,0,,,,1,20,13,3,5,13,.25,,2,6,16,1.05,.79000002,1.01,5,5,1
488,2,3,0,0,0,0,0,0,1,0,0,1,1,111192,,5,15,3,4.75,26,.13,0,2,7,15,1.01,1.01,.94,5,3,
489,1,3,0,0,0,0,0,0,1,0,6,,,,2,5,23,2,5,13,.37,,2,7,14,1.05,1.01,.94,4,4,1
489,2,3,0,0,0,0,0,0,1,0,6,1,1,111892,2,2,19,3,4.25,26,.13,0,2,10,11.5,1.01,1.01,1.05,6,3,
490,1,3,1,0,0,0,0,0,1,0,0,,,,0,10,12.5,4,5,13,.12,,2,6,16,1.05,1.01,1.05,4,4,0
490,2,3,1,0,0,0,0,0,1,0,0,1,1,111692,1,2,18,3,5,26,.28,0,2,6,16,1.01,1.01,1.05,5,3,
491,1,3,0,0,0,0,0,0,1,0,100,,,,0,4,25,2,4.5,13,.37,,2,8.5,13,1.05,.91000003,.94999999,3,2,0
491,2,3,0,0,0,0,0,0,1,0,100,2,3,123092,3,0,0,0,,,,,,,,,,,,,
492,1,3,1,0,0,0,0,0,1,0,75,,,,0,2,16,3,4.5,13,.25,,2,9,12.5,1.11,1.05,.94,2,1,0
492,2,3,1,0,0,0,0,0,1,0,75,1,1,111192,,4,15,2,4.5,19,.1,0,2,9,12.5,1.11,1.11,1.05,2,1,
493,1,3,1,0,0,0,0,1,0,0,0,,,,0,27,12,3,5,26,.25,,2,6,16,1.05,.89999998,2.01,6,3,0
493,2,3,1,0,0,0,0,1,0,0,0,1,1,111192,,0,30,4,4.9000001,13,.25,0,2,6,16,1.02,1.01,.83999997,3,3,
495,1,3,0,0,0,0,0,0,1,0,2,,,,2,4,28,3,5,26,.25,,2,7,15,1.05,1.01,.94,3,3,0
495,2,3,0,0,0,0,0,0,1,0,2,1,1,111192,,8,20,3,5,26,.25,1,2,6,16,.95999998,1.01,1.01,5,3,
496,1,3,1,0,0,0,0,0,1,0,0,,,,0,10,15,3,5,13,.17,,2,6,16,1.05,.89999998,.73000002,5,3,1
496,2,3,1,0,0,0,0,0,1,0,0,1,1,111192,,10,10,3,4.75,19,.18000001,0,2,6,16,1.01,1.01,.88999999,,,
497,1,4,1,0,0,0,0,0,1,0,37,,,,0,12,15,3,4.5,13,.15000001,,2,10,12,.91000003,.83999997,.83999997,2,2,1
497,2,4,1,0,0,0,0,0,1,0,37,1,1,111392,,,,5,,,,0,2,10,12,1.01,.89999998,.79000002,2,2,
498,1,4,1,0,0,0,0,0,1,0,75,,,,2,20,10,3,4.75,26,.1,,2,10,12,.91000003,.83999997,.85000002,2,2,1
498,2,4,1,0,0,0,0,0,1,0,75,1,1,111792,2,21,5.5,3,5,26,,1,2,10,12,.98000002,.83999997,.89999998,2,2,
499,1,4,1,0,0,0,0,0,1,0,11,,,,0,0,28,5,5,26,.07,,2,10,12,.89999998,.69,1.75,2,2,1
499,2,4,1,0,0,0,0,0,1,0,11,1,1,111492,1,0,31,5,5,26,.1,1,2,10,12,.89999998,.69,.94,2,2,
501,1,1,0,0,0,0,0,0,1,0,63,,,,0,14,15,3,4.25,4,.37,,2,6.5,16.5,.83999997,.83999997,.94,3,3,1
501,2,1,0,0,0,0,0,0,1,0,63,1,1,111792,2,30,15,6,4.75,4,.34999999,1,1,6,18,1.03,.91000003,.91000003,3,3,
503,1,1,0,0,0,0,0,0,1,0,100,,,,2,7.5,14,4,4.75,,.12,,2,6.5,16.5,.97000003,.83999997,.91000003,3,3,0
503,2,1,0,0,0,0,0,0,1,0,100,1,1,110792,,35,6.5,3,4.5,13,.15000001,0,2,6,18,.97000003,.83999997,1,3,3,
506,1,2,1,0,0,0,0,1,0,0,30,,,,0,3,7,2,,13,.37,,2,11,10,.94999999,.74000001,2.3299999,3,3,0
506,2,2,1,0,0,0,0,1,0,0,30,1,1,111292,,3,7,4,5,19,.25,,1,11,11,.94999999,.74000001,2.3299999,4,3,
509,1,3,1,0,0,0,0,0,1,0,30,,,,2,3,16,3,5,13,.25,,2,6,16,1.05,.94999999,1.16,6,3,0
509,2,3,1,0,0,0,0,0,1,0,30,1,1,111192,,5.5,10,3,4.25,26,.2,0,2,6.5,15.5,1,1.01,.94,3,2,
510,1,3,1,0,0,0,0,0,1,0,60,,,,0,7,25,4,4.25,26,.25,,2,6,16,1.05,.91000003,1.05,3,3,0
510,2,3,1,0,0,0,0,0,1,0,60,1,1,111892,2,2.5,17.5,3,,13,,1,2,7,15,1.05,1.01,,5,3,
511,1,3,1,0,0,0,0,0,1,0,75,,,,0,4,16,3,4.75,9,.15000001,,2,6,16.5,1.01,.91000003,1.05,4,4,0
511,2,3,1,0,0,0,0,0,1,0,75,1,1,111192,,3,13,3,4.75,,,0,2,7,15,1.01,1.01,.88999999,6,2,
514,1,3,0,0,0,0,0,0,1,0,25,,,,0,5,20,3,4.5,26,.25,,2,6,16,.94,.89999998,.94,5,3,0
514,2,3,0,0,0,0,0,0,1,0,25,1,1,111192,1,23,16,3,4.25,10,.2,0,2,6,16,.94999999,.94999999,1.05,6,4,
515,1,3,1,0,0,0,0,0,1,0,33,,,,0,7,16,4,5,13,.2,,2,6,16,1.05,.94,1.16,5,3,0
515,2,3,1,0,0,0,0,0,1,0,33,1,1,111192,,5,19,3,4.75,13,.18000001,0,2,6,16,1.01,1.01,.94,5,4,
516,1,3,1,0,0,0,0,0,1,0,23,,,,2,6,22.5,3,4.75,13,.12,,3,6,16,1.05,.91000003,1.05,4,3,0
516,2,3,1,0,0,0,0,0,1,0,23,1,1,111692,,2,12,2,4.9099998,14,.18000001,1,2,8,14,1.01,.94999999,.88999999,5,3,
521,1,1,0,0,0,0,0,1,0,0,50,,,,0,2.5,20,3,4.25,13,,,2,6.5,16.5,,,.51999998,4,4,1
521,2,1,0,0,0,0,0,1,0,0,50,1,1,110792,,0,12,8,4.4000001,13,.13,1,2,7,16,.41,.83999997,.88999999,4,2,
522,1,1,0,0,0,0,0,1,0,0,75,,,,2,2,30,4,4.3499999,26,.2,,3,7,16,1,.87,.94,3,3,0
522,2,1,0,0,0,0,0,1,0,0,75,1,1,110792,,3,23,3,4.25,26,.15000001,0,3,7,16,1,.74000001,.94999999,3,3,
523,1,4,1,1,0,0,1,0,0,0,0,,,,2,5,10,2,5.75,26,.15000001,,2,11,10.5,1.17,1.17,1.38,1,1,1
523,2,4,1,1,0,0,1,0,0,0,0,1,1,111392,,8,7,3,5.5,26,.15000001,0,2,11,10.5,1.05,1.16,2.3199999,1,1,
